v 0.0 1.0 0.0
v 0.5 1.0 0.0
v 0.5 1.0 0.5
v 0.0 1.0 0.5
v 0.0 0 0.5
v 0.5 0 0.5
v 0.5 0 0.0
v 0.0 0 0.0
v 0.0 0 0.0
v 0.5 0 0.0
v 0.5 1.0 0.0
v 0.0 1.0 0.0
v 0.0 0 0.5
v 0.0 0 0.0
v 0.0 1.0 0.0
v 0.0 1.0 0.5
v 0.5 1.0 0.0
v 1.0 1.0 0.0
v 1.0 1.0 0.5
v 0.5 1.0 0.5
v 0.5 0 0.5
v 1.0 0 0.5
v 1.0 0 0.0
v 0.5 0 0.0
v 0.5 0 0.0
v 1.0 0 0.0
v 1.0 1.0 0.0
v 0.5 1.0 0.0
v 1.0 0 0.5
v 0.5 0 0.5
v 0.5 1.0 0.5
v 1.0 1.0 0.5
v 1.0 1.0 0.0
v 1.5 1.0 0.0
v 1.5 1.0 0.5
v 1.0 1.0 0.5
v 1.0 0 0.5
v 1.5 0 0.5
v 1.5 0 0.0
v 1.0 0 0.0
v 1.0 0 0.0
v 1.5 0 0.0
v 1.5 1.0 0.0
v 1.0 1.0 0.0
v 1.5 0 0.5
v 1.0 0 0.5
v 1.0 1.0 0.5
v 1.5 1.0 0.5
v 1.5 1.0 0.0
v 2.0 1.0 0.0
v 2.0 1.0 0.5
v 1.5 1.0 0.5
v 1.5 0 0.5
v 2.0 0 0.5
v 2.0 0 0.0
v 1.5 0 0.0
v 1.5 0 0.0
v 2.0 0 0.0
v 2.0 1.0 0.0
v 1.5 1.0 0.0
v 2.0 0 0.5
v 1.5 0 0.5
v 1.5 1.0 0.5
v 2.0 1.0 0.5
v 2.0 1.0 0.0
v 2.5 1.0 0.0
v 2.5 1.0 0.5
v 2.0 1.0 0.5
v 2.0 0 0.5
v 2.5 0 0.5
v 2.5 0 0.0
v 2.0 0 0.0
v 2.0 0 0.0
v 2.5 0 0.0
v 2.5 1.0 0.0
v 2.0 1.0 0.0
v 2.5 0 0.5
v 2.0 0 0.5
v 2.0 1.0 0.5
v 2.5 1.0 0.5
v 2.5 1.0 0.0
v 3.0 1.0 0.0
v 3.0 1.0 0.5
v 2.5 1.0 0.5
v 2.5 0 0.5
v 3.0 0 0.5
v 3.0 0 0.0
v 2.5 0 0.0
v 2.5 0 0.0
v 3.0 0 0.0
v 3.0 1.0 0.0
v 2.5 1.0 0.0
v 3.0 0 0.5
v 2.5 0 0.5
v 2.5 1.0 0.5
v 3.0 1.0 0.5
v 3.0 1.0 0.0
v 3.5 1.0 0.0
v 3.5 1.0 0.5
v 3.0 1.0 0.5
v 3.0 0 0.5
v 3.5 0 0.5
v 3.5 0 0.0
v 3.0 0 0.0
v 3.0 0 0.0
v 3.5 0 0.0
v 3.5 1.0 0.0
v 3.0 1.0 0.0
v 3.5 0 0.5
v 3.0 0 0.5
v 3.0 1.0 0.5
v 3.5 1.0 0.5
v 3.5 1.0 0.0
v 4.0 1.0 0.0
v 4.0 1.0 0.5
v 3.5 1.0 0.5
v 3.5 0 0.5
v 4.0 0 0.5
v 4.0 0 0.0
v 3.5 0 0.0
v 3.5 0 0.0
v 4.0 0 0.0
v 4.0 1.0 0.0
v 3.5 1.0 0.0
v 4.0 0 0.5
v 3.5 0 0.5
v 3.5 1.0 0.5
v 4.0 1.0 0.5
v 4.0 1.0 0.0
v 4.5 1.0 0.0
v 4.5 1.0 0.5
v 4.0 1.0 0.5
v 4.0 0 0.5
v 4.5 0 0.5
v 4.5 0 0.0
v 4.0 0 0.0
v 4.0 0 0.0
v 4.5 0 0.0
v 4.5 1.0 0.0
v 4.0 1.0 0.0
v 4.5 0 0.5
v 4.0 0 0.5
v 4.0 1.0 0.5
v 4.5 1.0 0.5
v 4.5 1.0 0.0
v 5.0 1.0 0.0
v 5.0 1.0 0.5
v 4.5 1.0 0.5
v 4.5 0 0.5
v 5.0 0 0.5
v 5.0 0 0.0
v 4.5 0 0.0
v 4.5 0 0.0
v 5.0 0 0.0
v 5.0 1.0 0.0
v 4.5 1.0 0.0
v 5.0 0 0.5
v 4.5 0 0.5
v 4.5 1.0 0.5
v 5.0 1.0 0.5
v 5.0 1.0 0.0
v 5.5 1.0 0.0
v 5.5 1.0 0.5
v 5.0 1.0 0.5
v 5.0 0 0.5
v 5.5 0 0.5
v 5.5 0 0.0
v 5.0 0 0.0
v 5.0 0 0.0
v 5.5 0 0.0
v 5.5 1.0 0.0
v 5.0 1.0 0.0
v 5.5 0 0.5
v 5.0 0 0.5
v 5.0 1.0 0.5
v 5.5 1.0 0.5
v 5.5 1.0 0.0
v 6.0 1.0 0.0
v 6.0 1.0 0.5
v 5.5 1.0 0.5
v 5.5 0 0.5
v 6.0 0 0.5
v 6.0 0 0.0
v 5.5 0 0.0
v 5.5 0 0.0
v 6.0 0 0.0
v 6.0 1.0 0.0
v 5.5 1.0 0.0
v 6.0 0 0.5
v 5.5 0 0.5
v 5.5 1.0 0.5
v 6.0 1.0 0.5
v 6.0 1.0 0.0
v 6.5 1.0 0.0
v 6.5 1.0 0.5
v 6.0 1.0 0.5
v 6.0 0 0.5
v 6.5 0 0.5
v 6.5 0 0.0
v 6.0 0 0.0
v 6.0 0 0.0
v 6.5 0 0.0
v 6.5 1.0 0.0
v 6.0 1.0 0.0
v 6.5 0 0.5
v 6.0 0 0.5
v 6.0 1.0 0.5
v 6.5 1.0 0.5
v 6.5 1.0 0.0
v 7.0 1.0 0.0
v 7.0 1.0 0.5
v 6.5 1.0 0.5
v 6.5 0 0.5
v 7.0 0 0.5
v 7.0 0 0.0
v 6.5 0 0.0
v 6.5 0 0.0
v 7.0 0 0.0
v 7.0 1.0 0.0
v 6.5 1.0 0.0
v 7.0 0 0.5
v 6.5 0 0.5
v 6.5 1.0 0.5
v 7.0 1.0 0.5
v 7.0 1.0 0.0
v 7.5 1.0 0.0
v 7.5 1.0 0.5
v 7.0 1.0 0.5
v 7.0 0 0.5
v 7.5 0 0.5
v 7.5 0 0.0
v 7.0 0 0.0
v 7.0 0 0.0
v 7.5 0 0.0
v 7.5 1.0 0.0
v 7.0 1.0 0.0
v 7.5 0 0.5
v 7.0 0 0.5
v 7.0 1.0 0.5
v 7.5 1.0 0.5
v 7.5 1.0 0.0
v 8.0 1.0 0.0
v 8.0 1.0 0.5
v 7.5 1.0 0.5
v 7.5 0 0.5
v 8.0 0 0.5
v 8.0 0 0.0
v 7.5 0 0.0
v 7.5 0 0.0
v 8.0 0 0.0
v 8.0 1.0 0.0
v 7.5 1.0 0.0
v 8.0 0 0.5
v 7.5 0 0.5
v 7.5 1.0 0.5
v 8.0 1.0 0.5
v 8.0 1.0 0.0
v 8.5 1.0 0.0
v 8.5 1.0 0.5
v 8.0 1.0 0.5
v 8.0 0 0.5
v 8.5 0 0.5
v 8.5 0 0.0
v 8.0 0 0.0
v 8.0 0 0.0
v 8.5 0 0.0
v 8.5 1.0 0.0
v 8.0 1.0 0.0
v 8.5 0 0.5
v 8.0 0 0.5
v 8.0 1.0 0.5
v 8.5 1.0 0.5
v 8.5 1.0 0.0
v 9.0 1.0 0.0
v 9.0 1.0 0.5
v 8.5 1.0 0.5
v 8.5 0 0.5
v 9.0 0 0.5
v 9.0 0 0.0
v 8.5 0 0.0
v 8.5 0 0.0
v 9.0 0 0.0
v 9.0 1.0 0.0
v 8.5 1.0 0.0
v 9.0 0 0.5
v 8.5 0 0.5
v 8.5 1.0 0.5
v 9.0 1.0 0.5
v 9.0 1.0 0.0
v 9.5 1.0 0.0
v 9.5 1.0 0.5
v 9.0 1.0 0.5
v 9.0 0 0.5
v 9.5 0 0.5
v 9.5 0 0.0
v 9.0 0 0.0
v 9.0 0 0.0
v 9.5 0 0.0
v 9.5 1.0 0.0
v 9.0 1.0 0.0
v 9.5 0 0.5
v 9.0 0 0.5
v 9.0 1.0 0.5
v 9.5 1.0 0.5
v 9.5 1.0 0.0
v 10.0 1.0 0.0
v 10.0 1.0 0.5
v 9.5 1.0 0.5
v 9.5 0 0.5
v 10.0 0 0.5
v 10.0 0 0.0
v 9.5 0 0.0
v 9.5 0 0.0
v 10.0 0 0.0
v 10.0 1.0 0.0
v 9.5 1.0 0.0
v 10.0 0 0.5
v 9.5 0 0.5
v 9.5 1.0 0.5
v 10.0 1.0 0.5
v 10.0 1.0 0.0
v 10.5 1.0 0.0
v 10.5 1.0 0.5
v 10.0 1.0 0.5
v 10.0 0 0.5
v 10.5 0 0.5
v 10.5 0 0.0
v 10.0 0 0.0
v 10.0 0 0.0
v 10.5 0 0.0
v 10.5 1.0 0.0
v 10.0 1.0 0.0
v 10.5 0 0.5
v 10.0 0 0.5
v 10.0 1.0 0.5
v 10.5 1.0 0.5
v 10.5 1.0 0.0
v 11.0 1.0 0.0
v 11.0 1.0 0.5
v 10.5 1.0 0.5
v 10.5 0 0.5
v 11.0 0 0.5
v 11.0 0 0.0
v 10.5 0 0.0
v 10.5 0 0.0
v 11.0 0 0.0
v 11.0 1.0 0.0
v 10.5 1.0 0.0
v 11.0 0 0.5
v 10.5 0 0.5
v 10.5 1.0 0.5
v 11.0 1.0 0.5
v 11.0 1.0 0.0
v 11.5 1.0 0.0
v 11.5 1.0 0.5
v 11.0 1.0 0.5
v 11.0 0 0.5
v 11.5 0 0.5
v 11.5 0 0.0
v 11.0 0 0.0
v 11.0 0 0.0
v 11.5 0 0.0
v 11.5 1.0 0.0
v 11.0 1.0 0.0
v 11.5 0 0.5
v 11.0 0 0.5
v 11.0 1.0 0.5
v 11.5 1.0 0.5
v 11.5 1.0 0.0
v 12.0 1.0 0.0
v 12.0 1.0 0.5
v 11.5 1.0 0.5
v 11.5 0 0.5
v 12.0 0 0.5
v 12.0 0 0.0
v 11.5 0 0.0
v 11.5 0 0.0
v 12.0 0 0.0
v 12.0 1.0 0.0
v 11.5 1.0 0.0
v 12.0 0 0.5
v 11.5 0 0.5
v 11.5 1.0 0.5
v 12.0 1.0 0.5
v 12.0 1.0 0.0
v 12.5 1.0 0.0
v 12.5 1.0 0.5
v 12.0 1.0 0.5
v 12.0 0 0.5
v 12.5 0 0.5
v 12.5 0 0.0
v 12.0 0 0.0
v 12.0 0 0.0
v 12.5 0 0.0
v 12.5 1.0 0.0
v 12.0 1.0 0.0
v 12.5 1.0 0.0
v 13.0 1.0 0.0
v 13.0 1.0 0.5
v 12.5 1.0 0.5
v 12.5 0 0.5
v 13.0 0 0.5
v 13.0 0 0.0
v 12.5 0 0.0
v 12.5 0 0.0
v 13.0 0 0.0
v 13.0 1.0 0.0
v 12.5 1.0 0.0
v 13.0 0 0.5
v 12.5 0 0.5
v 12.5 1.0 0.5
v 13.0 1.0 0.5
v 13.0 1.0 0.0
v 13.5 1.0 0.0
v 13.5 1.0 0.5
v 13.0 1.0 0.5
v 13.0 0 0.5
v 13.5 0 0.5
v 13.5 0 0.0
v 13.0 0 0.0
v 13.0 0 0.0
v 13.5 0 0.0
v 13.5 1.0 0.0
v 13.0 1.0 0.0
v 13.5 0 0.5
v 13.0 0 0.5
v 13.0 1.0 0.5
v 13.5 1.0 0.5
v 13.5 1.0 0.0
v 14.0 1.0 0.0
v 14.0 1.0 0.5
v 13.5 1.0 0.5
v 13.5 0 0.5
v 14.0 0 0.5
v 14.0 0 0.0
v 13.5 0 0.0
v 13.5 0 0.0
v 14.0 0 0.0
v 14.0 1.0 0.0
v 13.5 1.0 0.0
v 14.0 0 0.5
v 13.5 0 0.5
v 13.5 1.0 0.5
v 14.0 1.0 0.5
v 14.0 1.0 0.0
v 14.5 1.0 0.0
v 14.5 1.0 0.5
v 14.0 1.0 0.5
v 14.0 0 0.5
v 14.5 0 0.5
v 14.5 0 0.0
v 14.0 0 0.0
v 14.0 0 0.0
v 14.5 0 0.0
v 14.5 1.0 0.0
v 14.0 1.0 0.0
v 14.5 0 0.5
v 14.0 0 0.5
v 14.0 1.0 0.5
v 14.5 1.0 0.5
v 14.5 1.0 0.0
v 15.0 1.0 0.0
v 15.0 1.0 0.5
v 14.5 1.0 0.5
v 14.5 0 0.5
v 15.0 0 0.5
v 15.0 0 0.0
v 14.5 0 0.0
v 14.5 0 0.0
v 15.0 0 0.0
v 15.0 1.0 0.0
v 14.5 1.0 0.0
v 15.0 0 0.5
v 14.5 0 0.5
v 14.5 1.0 0.5
v 15.0 1.0 0.5
v 15.0 1.0 0.0
v 15.5 1.0 0.0
v 15.5 1.0 0.5
v 15.0 1.0 0.5
v 15.0 0 0.5
v 15.5 0 0.5
v 15.5 0 0.0
v 15.0 0 0.0
v 15.0 0 0.0
v 15.5 0 0.0
v 15.5 1.0 0.0
v 15.0 1.0 0.0
v 15.5 0 0.5
v 15.0 0 0.5
v 15.0 1.0 0.5
v 15.5 1.0 0.5
v 15.5 1.0 0.0
v 16.0 1.0 0.0
v 16.0 1.0 0.5
v 15.5 1.0 0.5
v 15.5 0 0.5
v 16.0 0 0.5
v 16.0 0 0.0
v 15.5 0 0.0
v 15.5 0 0.0
v 16.0 0 0.0
v 16.0 1.0 0.0
v 15.5 1.0 0.0
v 16.0 0 0.0
v 16.0 0 0.5
v 16.0 1.0 0.5
v 16.0 1.0 0.0
v 0.0 1.0 0.5
v 0.5 1.0 0.5
v 0.5 1.0 1.0
v 0.0 1.0 1.0
v 0.0 0 1.0
v 0.5 0 1.0
v 0.5 0 0.5
v 0.0 0 0.5
v 0.5 0 0.5
v 0.5 0 1.0
v 0.5 1.0 1.0
v 0.5 1.0 0.5
v 0.0 0 1.0
v 0.0 0 0.5
v 0.0 1.0 0.5
v 0.0 1.0 1.0
v 12.0 1.0 0.5
v 12.5 1.0 0.5
v 12.5 1.0 1.0
v 12.0 1.0 1.0
v 12.0 0 1.0
v 12.5 0 1.0
v 12.5 0 0.5
v 12.0 0 0.5
v 12.5 0 0.5
v 12.5 0 1.0
v 12.5 1.0 1.0
v 12.5 1.0 0.5
v 12.0 0 1.0
v 12.0 0 0.5
v 12.0 1.0 0.5
v 12.0 1.0 1.0
v 15.5 1.0 0.5
v 16.0 1.0 0.5
v 16.0 1.0 1.0
v 15.5 1.0 1.0
v 15.5 0 1.0
v 16.0 0 1.0
v 16.0 0 0.5
v 15.5 0 0.5
v 16.0 0 0.5
v 16.0 0 1.0
v 16.0 1.0 1.0
v 16.0 1.0 0.5
v 15.5 0 1.0
v 15.5 0 0.5
v 15.5 1.0 0.5
v 15.5 1.0 1.0
v 0.0 1.0 1.0
v 0.5 1.0 1.0
v 0.5 1.0 1.5
v 0.0 1.0 1.5
v 0.0 0 1.5
v 0.5 0 1.5
v 0.5 0 1.0
v 0.0 0 1.0
v 0.5 0 1.0
v 0.5 0 1.5
v 0.5 1.0 1.5
v 0.5 1.0 1.0
v 0.0 0 1.5
v 0.0 0 1.0
v 0.0 1.0 1.0
v 0.0 1.0 1.5
v 12.0 1.0 1.0
v 12.5 1.0 1.0
v 12.5 1.0 1.5
v 12.0 1.0 1.5
v 12.0 0 1.5
v 12.5 0 1.5
v 12.5 0 1.0
v 12.0 0 1.0
v 12.5 0 1.0
v 12.5 0 1.5
v 12.5 1.0 1.5
v 12.5 1.0 1.0
v 12.0 0 1.5
v 12.0 0 1.0
v 12.0 1.0 1.0
v 12.0 1.0 1.5
v 15.5 1.0 1.0
v 16.0 1.0 1.0
v 16.0 1.0 1.5
v 15.5 1.0 1.5
v 15.5 0 1.5
v 16.0 0 1.5
v 16.0 0 1.0
v 15.5 0 1.0
v 16.0 0 1.0
v 16.0 0 1.5
v 16.0 1.0 1.5
v 16.0 1.0 1.0
v 15.5 0 1.5
v 15.5 0 1.0
v 15.5 1.0 1.0
v 15.5 1.0 1.5
v 0.0 1.0 1.5
v 0.5 1.0 1.5
v 0.5 1.0 2.0
v 0.0 1.0 2.0
v 0.0 0 2.0
v 0.5 0 2.0
v 0.5 0 1.5
v 0.0 0 1.5
v 0.5 0 1.5
v 0.5 0 2.0
v 0.5 1.0 2.0
v 0.5 1.0 1.5
v 0.0 0 2.0
v 0.0 0 1.5
v 0.0 1.0 1.5
v 0.0 1.0 2.0
v 12.0 1.0 1.5
v 12.5 1.0 1.5
v 12.5 1.0 2.0
v 12.0 1.0 2.0
v 12.0 0 2.0
v 12.5 0 2.0
v 12.5 0 1.5
v 12.0 0 1.5
v 12.5 0 1.5
v 12.5 0 2.0
v 12.5 1.0 2.0
v 12.5 1.0 1.5
v 12.0 0 2.0
v 12.0 0 1.5
v 12.0 1.0 1.5
v 12.0 1.0 2.0
v 15.5 1.0 1.5
v 16.0 1.0 1.5
v 16.0 1.0 2.0
v 15.5 1.0 2.0
v 15.5 0 2.0
v 16.0 0 2.0
v 16.0 0 1.5
v 15.5 0 1.5
v 16.0 0 1.5
v 16.0 0 2.0
v 16.0 1.0 2.0
v 16.0 1.0 1.5
v 15.5 0 2.0
v 15.5 0 1.5
v 15.5 1.0 1.5
v 15.5 1.0 2.0
v 0.0 1.0 2.0
v 0.5 1.0 2.0
v 0.5 1.0 2.5
v 0.0 1.0 2.5
v 0.0 0 2.5
v 0.5 0 2.5
v 0.5 0 2.0
v 0.0 0 2.0
v 0.5 0 2.0
v 0.5 0 2.5
v 0.5 1.0 2.5
v 0.5 1.0 2.0
v 0.0 0 2.5
v 0.0 0 2.0
v 0.0 1.0 2.0
v 0.0 1.0 2.5
v 12.0 1.0 2.0
v 12.5 1.0 2.0
v 12.5 1.0 2.5
v 12.0 1.0 2.5
v 12.0 0 2.5
v 12.5 0 2.5
v 12.5 0 2.0
v 12.0 0 2.0
v 12.5 0 2.0
v 12.5 0 2.5
v 12.5 1.0 2.5
v 12.5 1.0 2.0
v 12.0 0 2.5
v 12.0 0 2.0
v 12.0 1.0 2.0
v 12.0 1.0 2.5
v 15.5 1.0 2.0
v 16.0 1.0 2.0
v 16.0 1.0 2.5
v 15.5 1.0 2.5
v 15.5 0 2.5
v 16.0 0 2.5
v 16.0 0 2.0
v 15.5 0 2.0
v 16.0 0 2.0
v 16.0 0 2.5
v 16.0 1.0 2.5
v 16.0 1.0 2.0
v 15.5 0 2.5
v 15.5 0 2.0
v 15.5 1.0 2.0
v 15.5 1.0 2.5
v 0.0 1.0 2.5
v 0.5 1.0 2.5
v 0.5 1.0 3.0
v 0.0 1.0 3.0
v 0.0 0 3.0
v 0.5 0 3.0
v 0.5 0 2.5
v 0.0 0 2.5
v 0.5 0 2.5
v 0.5 0 3.0
v 0.5 1.0 3.0
v 0.5 1.0 2.5
v 0.0 0 3.0
v 0.0 0 2.5
v 0.0 1.0 2.5
v 0.0 1.0 3.0
v 12.0 1.0 2.5
v 12.5 1.0 2.5
v 12.5 1.0 3.0
v 12.0 1.0 3.0
v 12.0 0 3.0
v 12.5 0 3.0
v 12.5 0 2.5
v 12.0 0 2.5
v 12.5 0 2.5
v 12.5 0 3.0
v 12.5 1.0 3.0
v 12.5 1.0 2.5
v 12.0 0 3.0
v 12.0 0 2.5
v 12.0 1.0 2.5
v 12.0 1.0 3.0
v 15.5 1.0 2.5
v 16.0 1.0 2.5
v 16.0 1.0 3.0
v 15.5 1.0 3.0
v 15.5 0 3.0
v 16.0 0 3.0
v 16.0 0 2.5
v 15.5 0 2.5
v 16.0 0 2.5
v 16.0 0 3.0
v 16.0 1.0 3.0
v 16.0 1.0 2.5
v 15.5 0 3.0
v 15.5 0 2.5
v 15.5 1.0 2.5
v 15.5 1.0 3.0
v 0.0 1.0 3.0
v 0.5 1.0 3.0
v 0.5 1.0 3.5
v 0.0 1.0 3.5
v 0.0 0 3.5
v 0.5 0 3.5
v 0.5 0 3.0
v 0.0 0 3.0
v 0.5 0 3.0
v 0.5 0 3.5
v 0.5 1.0 3.5
v 0.5 1.0 3.0
v 0.0 0 3.5
v 0.0 0 3.0
v 0.0 1.0 3.0
v 0.0 1.0 3.5
v 12.0 1.0 3.0
v 12.5 1.0 3.0
v 12.5 1.0 3.5
v 12.0 1.0 3.5
v 12.0 0 3.5
v 12.5 0 3.5
v 12.5 0 3.0
v 12.0 0 3.0
v 12.5 0 3.0
v 12.5 0 3.5
v 12.5 1.0 3.5
v 12.5 1.0 3.0
v 12.0 0 3.5
v 12.0 0 3.0
v 12.0 1.0 3.0
v 12.0 1.0 3.5
v 15.5 1.0 3.0
v 16.0 1.0 3.0
v 16.0 1.0 3.5
v 15.5 1.0 3.5
v 15.5 0 3.5
v 16.0 0 3.5
v 16.0 0 3.0
v 15.5 0 3.0
v 16.0 0 3.0
v 16.0 0 3.5
v 16.0 1.0 3.5
v 16.0 1.0 3.0
v 15.5 0 3.5
v 15.5 0 3.0
v 15.5 1.0 3.0
v 15.5 1.0 3.5
v 0.0 1.0 3.5
v 0.5 1.0 3.5
v 0.5 1.0 4.0
v 0.0 1.0 4.0
v 0.0 0 4.0
v 0.5 0 4.0
v 0.5 0 3.5
v 0.0 0 3.5
v 0.0 0 4.0
v 0.0 0 3.5
v 0.0 1.0 3.5
v 0.0 1.0 4.0
v 0.5 1.0 3.5
v 1.0 1.0 3.5
v 1.0 1.0 4.0
v 0.5 1.0 4.0
v 0.5 0 4.0
v 1.0 0 4.0
v 1.0 0 3.5
v 0.5 0 3.5
v 0.5 0 3.5
v 1.0 0 3.5
v 1.0 1.0 3.5
v 0.5 1.0 3.5
v 1.0 0 4.0
v 0.5 0 4.0
v 0.5 1.0 4.0
v 1.0 1.0 4.0
v 1.0 1.0 3.5
v 1.5 1.0 3.5
v 1.5 1.0 4.0
v 1.0 1.0 4.0
v 1.0 0 4.0
v 1.5 0 4.0
v 1.5 0 3.5
v 1.0 0 3.5
v 1.0 0 3.5
v 1.5 0 3.5
v 1.5 1.0 3.5
v 1.0 1.0 3.5
v 1.5 0 4.0
v 1.0 0 4.0
v 1.0 1.0 4.0
v 1.5 1.0 4.0
v 1.5 1.0 3.5
v 2.0 1.0 3.5
v 2.0 1.0 4.0
v 1.5 1.0 4.0
v 1.5 0 4.0
v 2.0 0 4.0
v 2.0 0 3.5
v 1.5 0 3.5
v 1.5 0 3.5
v 2.0 0 3.5
v 2.0 1.0 3.5
v 1.5 1.0 3.5
v 2.0 0 4.0
v 1.5 0 4.0
v 1.5 1.0 4.0
v 2.0 1.0 4.0
v 2.0 1.0 3.5
v 2.5 1.0 3.5
v 2.5 1.0 4.0
v 2.0 1.0 4.0
v 2.0 0 4.0
v 2.5 0 4.0
v 2.5 0 3.5
v 2.0 0 3.5
v 2.0 0 3.5
v 2.5 0 3.5
v 2.5 1.0 3.5
v 2.0 1.0 3.5
v 2.5 0 4.0
v 2.0 0 4.0
v 2.0 1.0 4.0
v 2.5 1.0 4.0
v 2.5 1.0 3.5
v 3.0 1.0 3.5
v 3.0 1.0 4.0
v 2.5 1.0 4.0
v 2.5 0 4.0
v 3.0 0 4.0
v 3.0 0 3.5
v 2.5 0 3.5
v 2.5 0 3.5
v 3.0 0 3.5
v 3.0 1.0 3.5
v 2.5 1.0 3.5
v 3.0 0 4.0
v 2.5 0 4.0
v 2.5 1.0 4.0
v 3.0 1.0 4.0
v 3.0 1.0 3.5
v 3.5 1.0 3.5
v 3.5 1.0 4.0
v 3.0 1.0 4.0
v 3.0 0 4.0
v 3.5 0 4.0
v 3.5 0 3.5
v 3.0 0 3.5
v 3.0 0 3.5
v 3.5 0 3.5
v 3.5 1.0 3.5
v 3.0 1.0 3.5
v 3.5 0 4.0
v 3.0 0 4.0
v 3.0 1.0 4.0
v 3.5 1.0 4.0
v 3.5 1.0 3.5
v 4.0 1.0 3.5
v 4.0 1.0 4.0
v 3.5 1.0 4.0
v 3.5 0 4.0
v 4.0 0 4.0
v 4.0 0 3.5
v 3.5 0 3.5
v 3.5 0 3.5
v 4.0 0 3.5
v 4.0 1.0 3.5
v 3.5 1.0 3.5
v 4.0 1.0 3.5
v 4.5 1.0 3.5
v 4.5 1.0 4.0
v 4.0 1.0 4.0
v 4.0 0 4.0
v 4.5 0 4.0
v 4.5 0 3.5
v 4.0 0 3.5
v 4.0 0 3.5
v 4.5 0 3.5
v 4.5 1.0 3.5
v 4.0 1.0 3.5
v 4.5 0 4.0
v 4.0 0 4.0
v 4.0 1.0 4.0
v 4.5 1.0 4.0
v 4.5 1.0 3.5
v 5.0 1.0 3.5
v 5.0 1.0 4.0
v 4.5 1.0 4.0
v 4.5 0 4.0
v 5.0 0 4.0
v 5.0 0 3.5
v 4.5 0 3.5
v 4.5 0 3.5
v 5.0 0 3.5
v 5.0 1.0 3.5
v 4.5 1.0 3.5
v 5.0 0 4.0
v 4.5 0 4.0
v 4.5 1.0 4.0
v 5.0 1.0 4.0
v 5.0 1.0 3.5
v 5.5 1.0 3.5
v 5.5 1.0 4.0
v 5.0 1.0 4.0
v 5.0 0 4.0
v 5.5 0 4.0
v 5.5 0 3.5
v 5.0 0 3.5
v 5.0 0 3.5
v 5.5 0 3.5
v 5.5 1.0 3.5
v 5.0 1.0 3.5
v 5.5 0 4.0
v 5.0 0 4.0
v 5.0 1.0 4.0
v 5.5 1.0 4.0
v 5.5 1.0 3.5
v 6.0 1.0 3.5
v 6.0 1.0 4.0
v 5.5 1.0 4.0
v 5.5 0 4.0
v 6.0 0 4.0
v 6.0 0 3.5
v 5.5 0 3.5
v 5.5 0 3.5
v 6.0 0 3.5
v 6.0 1.0 3.5
v 5.5 1.0 3.5
v 6.0 0 4.0
v 5.5 0 4.0
v 5.5 1.0 4.0
v 6.0 1.0 4.0
v 6.0 1.0 3.5
v 6.5 1.0 3.5
v 6.5 1.0 4.0
v 6.0 1.0 4.0
v 6.0 0 4.0
v 6.5 0 4.0
v 6.5 0 3.5
v 6.0 0 3.5
v 6.0 0 3.5
v 6.5 0 3.5
v 6.5 1.0 3.5
v 6.0 1.0 3.5
v 6.5 0 4.0
v 6.0 0 4.0
v 6.0 1.0 4.0
v 6.5 1.0 4.0
v 6.5 1.0 3.5
v 7.0 1.0 3.5
v 7.0 1.0 4.0
v 6.5 1.0 4.0
v 6.5 0 4.0
v 7.0 0 4.0
v 7.0 0 3.5
v 6.5 0 3.5
v 6.5 0 3.5
v 7.0 0 3.5
v 7.0 1.0 3.5
v 6.5 1.0 3.5
v 7.0 0 4.0
v 6.5 0 4.0
v 6.5 1.0 4.0
v 7.0 1.0 4.0
v 7.0 1.0 3.5
v 7.5 1.0 3.5
v 7.5 1.0 4.0
v 7.0 1.0 4.0
v 7.0 0 4.0
v 7.5 0 4.0
v 7.5 0 3.5
v 7.0 0 3.5
v 7.0 0 3.5
v 7.5 0 3.5
v 7.5 1.0 3.5
v 7.0 1.0 3.5
v 7.5 0 4.0
v 7.0 0 4.0
v 7.0 1.0 4.0
v 7.5 1.0 4.0
v 7.5 1.0 3.5
v 8.0 1.0 3.5
v 8.0 1.0 4.0
v 7.5 1.0 4.0
v 7.5 0 4.0
v 8.0 0 4.0
v 8.0 0 3.5
v 7.5 0 3.5
v 7.5 0 3.5
v 8.0 0 3.5
v 8.0 1.0 3.5
v 7.5 1.0 3.5
v 8.0 0 4.0
v 7.5 0 4.0
v 7.5 1.0 4.0
v 8.0 1.0 4.0
v 8.0 1.0 3.5
v 8.5 1.0 3.5
v 8.5 1.0 4.0
v 8.0 1.0 4.0
v 8.0 0 4.0
v 8.5 0 4.0
v 8.5 0 3.5
v 8.0 0 3.5
v 8.0 0 3.5
v 8.5 0 3.5
v 8.5 1.0 3.5
v 8.0 1.0 3.5
v 8.5 0 4.0
v 8.0 0 4.0
v 8.0 1.0 4.0
v 8.5 1.0 4.0
v 8.5 1.0 3.5
v 9.0 1.0 3.5
v 9.0 1.0 4.0
v 8.5 1.0 4.0
v 8.5 0 4.0
v 9.0 0 4.0
v 9.0 0 3.5
v 8.5 0 3.5
v 8.5 0 3.5
v 9.0 0 3.5
v 9.0 1.0 3.5
v 8.5 1.0 3.5
v 9.0 0 4.0
v 8.5 0 4.0
v 8.5 1.0 4.0
v 9.0 1.0 4.0
v 9.0 1.0 3.5
v 9.5 1.0 3.5
v 9.5 1.0 4.0
v 9.0 1.0 4.0
v 9.0 0 4.0
v 9.5 0 4.0
v 9.5 0 3.5
v 9.0 0 3.5
v 9.0 0 3.5
v 9.5 0 3.5
v 9.5 1.0 3.5
v 9.0 1.0 3.5
v 9.5 0 3.5
v 9.5 0 4.0
v 9.5 1.0 4.0
v 9.5 1.0 3.5
v 9.5 0 4.0
v 9.0 0 4.0
v 9.0 1.0 4.0
v 9.5 1.0 4.0
v 12.0 1.0 3.5
v 12.5 1.0 3.5
v 12.5 1.0 4.0
v 12.0 1.0 4.0
v 12.0 0 4.0
v 12.5 0 4.0
v 12.5 0 3.5
v 12.0 0 3.5
v 12.5 0 3.5
v 12.5 0 4.0
v 12.5 1.0 4.0
v 12.5 1.0 3.5
v 12.5 0 4.0
v 12.0 0 4.0
v 12.0 1.0 4.0
v 12.5 1.0 4.0
v 12.0 0 4.0
v 12.0 0 3.5
v 12.0 1.0 3.5
v 12.0 1.0 4.0
v 14.0 1.0 3.5
v 14.5 1.0 3.5
v 14.5 1.0 4.0
v 14.0 1.0 4.0
v 14.0 0 4.0
v 14.5 0 4.0
v 14.5 0 3.5
v 14.0 0 3.5
v 14.0 0 3.5
v 14.5 0 3.5
v 14.5 1.0 3.5
v 14.0 1.0 3.5
v 14.5 0 4.0
v 14.0 0 4.0
v 14.0 1.0 4.0
v 14.5 1.0 4.0
v 14.0 0 4.0
v 14.0 0 3.5
v 14.0 1.0 3.5
v 14.0 1.0 4.0
v 14.5 1.0 3.5
v 15.0 1.0 3.5
v 15.0 1.0 4.0
v 14.5 1.0 4.0
v 14.5 0 4.0
v 15.0 0 4.0
v 15.0 0 3.5
v 14.5 0 3.5
v 14.5 0 3.5
v 15.0 0 3.5
v 15.0 1.0 3.5
v 14.5 1.0 3.5
v 15.0 0 4.0
v 14.5 0 4.0
v 14.5 1.0 4.0
v 15.0 1.0 4.0
v 15.0 1.0 3.5
v 15.5 1.0 3.5
v 15.5 1.0 4.0
v 15.0 1.0 4.0
v 15.0 0 4.0
v 15.5 0 4.0
v 15.5 0 3.5
v 15.0 0 3.5
v 15.0 0 3.5
v 15.5 0 3.5
v 15.5 1.0 3.5
v 15.0 1.0 3.5
v 15.5 0 4.0
v 15.0 0 4.0
v 15.0 1.0 4.0
v 15.5 1.0 4.0
v 15.5 1.0 3.5
v 16.0 1.0 3.5
v 16.0 1.0 4.0
v 15.5 1.0 4.0
v 15.5 0 4.0
v 16.0 0 4.0
v 16.0 0 3.5
v 15.5 0 3.5
v 16.0 0 3.5
v 16.0 0 4.0
v 16.0 1.0 4.0
v 16.0 1.0 3.5
v 0.0 1.0 4.0
v 0.5 1.0 4.0
v 0.5 1.0 4.5
v 0.0 1.0 4.5
v 0.0 0 4.5
v 0.5 0 4.5
v 0.5 0 4.0
v 0.0 0 4.0
v 0.5 0 4.0
v 0.5 0 4.5
v 0.5 1.0 4.5
v 0.5 1.0 4.0
v 0.0 0 4.5
v 0.0 0 4.0
v 0.0 1.0 4.0
v 0.0 1.0 4.5
v 3.5 1.0 4.0
v 4.0 1.0 4.0
v 4.0 1.0 4.5
v 3.5 1.0 4.5
v 3.5 0 4.5
v 4.0 0 4.5
v 4.0 0 4.0
v 3.5 0 4.0
v 4.0 0 4.0
v 4.0 0 4.5
v 4.0 1.0 4.5
v 4.0 1.0 4.0
v 3.5 0 4.5
v 3.5 0 4.0
v 3.5 1.0 4.0
v 3.5 1.0 4.5
v 15.5 1.0 4.0
v 16.0 1.0 4.0
v 16.0 1.0 4.5
v 15.5 1.0 4.5
v 15.5 0 4.5
v 16.0 0 4.5
v 16.0 0 4.0
v 15.5 0 4.0
v 16.0 0 4.0
v 16.0 0 4.5
v 16.0 1.0 4.5
v 16.0 1.0 4.0
v 15.5 0 4.5
v 15.5 0 4.0
v 15.5 1.0 4.0
v 15.5 1.0 4.5
v 0.0 1.0 4.5
v 0.5 1.0 4.5
v 0.5 1.0 5.0
v 0.0 1.0 5.0
v 0.0 0 5.0
v 0.5 0 5.0
v 0.5 0 4.5
v 0.0 0 4.5
v 0.5 0 4.5
v 0.5 0 5.0
v 0.5 1.0 5.0
v 0.5 1.0 4.5
v 0.0 0 5.0
v 0.0 0 4.5
v 0.0 1.0 4.5
v 0.0 1.0 5.0
v 3.5 1.0 4.5
v 4.0 1.0 4.5
v 4.0 1.0 5.0
v 3.5 1.0 5.0
v 3.5 0 5.0
v 4.0 0 5.0
v 4.0 0 4.5
v 3.5 0 4.5
v 4.0 0 4.5
v 4.0 0 5.0
v 4.0 1.0 5.0
v 4.0 1.0 4.5
v 3.5 0 5.0
v 3.5 0 4.5
v 3.5 1.0 4.5
v 3.5 1.0 5.0
v 15.5 1.0 4.5
v 16.0 1.0 4.5
v 16.0 1.0 5.0
v 15.5 1.0 5.0
v 15.5 0 5.0
v 16.0 0 5.0
v 16.0 0 4.5
v 15.5 0 4.5
v 16.0 0 4.5
v 16.0 0 5.0
v 16.0 1.0 5.0
v 16.0 1.0 4.5
v 15.5 0 5.0
v 15.5 0 4.5
v 15.5 1.0 4.5
v 15.5 1.0 5.0
v 0.0 1.0 5.0
v 0.5 1.0 5.0
v 0.5 1.0 5.5
v 0.0 1.0 5.5
v 0.0 0 5.5
v 0.5 0 5.5
v 0.5 0 5.0
v 0.0 0 5.0
v 0.5 0 5.0
v 0.5 0 5.5
v 0.5 1.0 5.5
v 0.5 1.0 5.0
v 0.0 0 5.5
v 0.0 0 5.0
v 0.0 1.0 5.0
v 0.0 1.0 5.5
v 3.5 1.0 5.0
v 4.0 1.0 5.0
v 4.0 1.0 5.5
v 3.5 1.0 5.5
v 3.5 0 5.5
v 4.0 0 5.5
v 4.0 0 5.0
v 3.5 0 5.0
v 4.0 0 5.0
v 4.0 0 5.5
v 4.0 1.0 5.5
v 4.0 1.0 5.0
v 3.5 0 5.5
v 3.5 0 5.0
v 3.5 1.0 5.0
v 3.5 1.0 5.5
v 15.5 1.0 5.0
v 16.0 1.0 5.0
v 16.0 1.0 5.5
v 15.5 1.0 5.5
v 15.5 0 5.5
v 16.0 0 5.5
v 16.0 0 5.0
v 15.5 0 5.0
v 16.0 0 5.0
v 16.0 0 5.5
v 16.0 1.0 5.5
v 16.0 1.0 5.0
v 15.5 0 5.5
v 15.5 0 5.0
v 15.5 1.0 5.0
v 15.5 1.0 5.5
v 0.0 1.0 5.5
v 0.5 1.0 5.5
v 0.5 1.0 6.0
v 0.0 1.0 6.0
v 0.0 0 6.0
v 0.5 0 6.0
v 0.5 0 5.5
v 0.0 0 5.5
v 0.5 0 5.5
v 0.5 0 6.0
v 0.5 1.0 6.0
v 0.5 1.0 5.5
v 0.0 0 6.0
v 0.0 0 5.5
v 0.0 1.0 5.5
v 0.0 1.0 6.0
v 3.5 1.0 5.5
v 4.0 1.0 5.5
v 4.0 1.0 6.0
v 3.5 1.0 6.0
v 3.5 0 6.0
v 4.0 0 6.0
v 4.0 0 5.5
v 3.5 0 5.5
v 4.0 0 5.5
v 4.0 0 6.0
v 4.0 1.0 6.0
v 4.0 1.0 5.5
v 3.5 0 6.0
v 3.5 0 5.5
v 3.5 1.0 5.5
v 3.5 1.0 6.0
v 12.0 1.0 5.5
v 12.5 1.0 5.5
v 12.5 1.0 6.0
v 12.0 1.0 6.0
v 12.0 0 6.0
v 12.5 0 6.0
v 12.5 0 5.5
v 12.0 0 5.5
v 12.0 0 5.5
v 12.5 0 5.5
v 12.5 1.0 5.5
v 12.0 1.0 5.5
v 12.5 0 5.5
v 12.5 0 6.0
v 12.5 1.0 6.0
v 12.5 1.0 5.5
v 12.0 0 6.0
v 12.0 0 5.5
v 12.0 1.0 5.5
v 12.0 1.0 6.0
v 15.5 1.0 5.5
v 16.0 1.0 5.5
v 16.0 1.0 6.0
v 15.5 1.0 6.0
v 15.5 0 6.0
v 16.0 0 6.0
v 16.0 0 5.5
v 15.5 0 5.5
v 16.0 0 5.5
v 16.0 0 6.0
v 16.0 1.0 6.0
v 16.0 1.0 5.5
v 15.5 0 6.0
v 15.5 0 5.5
v 15.5 1.0 5.5
v 15.5 1.0 6.0
v 0.0 1.0 6.0
v 0.5 1.0 6.0
v 0.5 1.0 6.5
v 0.0 1.0 6.5
v 0.0 0 6.5
v 0.5 0 6.5
v 0.5 0 6.0
v 0.0 0 6.0
v 0.5 0 6.0
v 0.5 0 6.5
v 0.5 1.0 6.5
v 0.5 1.0 6.0
v 0.0 0 6.5
v 0.0 0 6.0
v 0.0 1.0 6.0
v 0.0 1.0 6.5
v 3.5 1.0 6.0
v 4.0 1.0 6.0
v 4.0 1.0 6.5
v 3.5 1.0 6.5
v 3.5 0 6.5
v 4.0 0 6.5
v 4.0 0 6.0
v 3.5 0 6.0
v 4.0 0 6.0
v 4.0 0 6.5
v 4.0 1.0 6.5
v 4.0 1.0 6.0
v 3.5 0 6.5
v 3.5 0 6.0
v 3.5 1.0 6.0
v 3.5 1.0 6.5
v 12.0 1.0 6.0
v 12.5 1.0 6.0
v 12.5 1.0 6.5
v 12.0 1.0 6.5
v 12.0 0 6.5
v 12.5 0 6.5
v 12.5 0 6.0
v 12.0 0 6.0
v 12.5 0 6.0
v 12.5 0 6.5
v 12.5 1.0 6.5
v 12.5 1.0 6.0
v 12.0 0 6.5
v 12.0 0 6.0
v 12.0 1.0 6.0
v 12.0 1.0 6.5
v 15.5 1.0 6.0
v 16.0 1.0 6.0
v 16.0 1.0 6.5
v 15.5 1.0 6.5
v 15.5 0 6.5
v 16.0 0 6.5
v 16.0 0 6.0
v 15.5 0 6.0
v 16.0 0 6.0
v 16.0 0 6.5
v 16.0 1.0 6.5
v 16.0 1.0 6.0
v 15.5 0 6.5
v 15.5 0 6.0
v 15.5 1.0 6.0
v 15.5 1.0 6.5
v 0.0 1.0 6.5
v 0.5 1.0 6.5
v 0.5 1.0 7.0
v 0.0 1.0 7.0
v 0.0 0 7.0
v 0.5 0 7.0
v 0.5 0 6.5
v 0.0 0 6.5
v 0.5 0 6.5
v 0.5 0 7.0
v 0.5 1.0 7.0
v 0.5 1.0 6.5
v 0.0 0 7.0
v 0.0 0 6.5
v 0.0 1.0 6.5
v 0.0 1.0 7.0
v 3.5 1.0 6.5
v 4.0 1.0 6.5
v 4.0 1.0 7.0
v 3.5 1.0 7.0
v 3.5 0 7.0
v 4.0 0 7.0
v 4.0 0 6.5
v 3.5 0 6.5
v 4.0 0 6.5
v 4.0 0 7.0
v 4.0 1.0 7.0
v 4.0 1.0 6.5
v 3.5 0 7.0
v 3.5 0 6.5
v 3.5 1.0 6.5
v 3.5 1.0 7.0
v 12.0 1.0 6.5
v 12.5 1.0 6.5
v 12.5 1.0 7.0
v 12.0 1.0 7.0
v 12.0 0 7.0
v 12.5 0 7.0
v 12.5 0 6.5
v 12.0 0 6.5
v 12.5 0 6.5
v 12.5 0 7.0
v 12.5 1.0 7.0
v 12.5 1.0 6.5
v 12.0 0 7.0
v 12.0 0 6.5
v 12.0 1.0 6.5
v 12.0 1.0 7.0
v 15.5 1.0 6.5
v 16.0 1.0 6.5
v 16.0 1.0 7.0
v 15.5 1.0 7.0
v 15.5 0 7.0
v 16.0 0 7.0
v 16.0 0 6.5
v 15.5 0 6.5
v 16.0 0 6.5
v 16.0 0 7.0
v 16.0 1.0 7.0
v 16.0 1.0 6.5
v 15.5 0 7.0
v 15.5 0 6.5
v 15.5 1.0 6.5
v 15.5 1.0 7.0
v 0.0 1.0 7.0
v 0.5 1.0 7.0
v 0.5 1.0 7.5
v 0.0 1.0 7.5
v 0.0 0 7.5
v 0.5 0 7.5
v 0.5 0 7.0
v 0.0 0 7.0
v 0.5 0 7.0
v 0.5 0 7.5
v 0.5 1.0 7.5
v 0.5 1.0 7.0
v 0.0 0 7.5
v 0.0 0 7.0
v 0.0 1.0 7.0
v 0.0 1.0 7.5
v 3.5 1.0 7.0
v 4.0 1.0 7.0
v 4.0 1.0 7.5
v 3.5 1.0 7.5
v 3.5 0 7.5
v 4.0 0 7.5
v 4.0 0 7.0
v 3.5 0 7.0
v 4.0 0 7.0
v 4.0 0 7.5
v 4.0 1.0 7.5
v 4.0 1.0 7.0
v 3.5 0 7.5
v 3.5 0 7.0
v 3.5 1.0 7.0
v 3.5 1.0 7.5
v 12.0 1.0 7.0
v 12.5 1.0 7.0
v 12.5 1.0 7.5
v 12.0 1.0 7.5
v 12.0 0 7.5
v 12.5 0 7.5
v 12.5 0 7.0
v 12.0 0 7.0
v 12.5 0 7.0
v 12.5 0 7.5
v 12.5 1.0 7.5
v 12.5 1.0 7.0
v 12.0 0 7.5
v 12.0 0 7.0
v 12.0 1.0 7.0
v 12.0 1.0 7.5
v 15.5 1.0 7.0
v 16.0 1.0 7.0
v 16.0 1.0 7.5
v 15.5 1.0 7.5
v 15.5 0 7.5
v 16.0 0 7.5
v 16.0 0 7.0
v 15.5 0 7.0
v 16.0 0 7.0
v 16.0 0 7.5
v 16.0 1.0 7.5
v 16.0 1.0 7.0
v 15.5 0 7.5
v 15.5 0 7.0
v 15.5 1.0 7.0
v 15.5 1.0 7.5
v 0.0 1.0 7.5
v 0.5 1.0 7.5
v 0.5 1.0 8.0
v 0.0 1.0 8.0
v 0.0 0 8.0
v 0.5 0 8.0
v 0.5 0 7.5
v 0.0 0 7.5
v 0.5 0 7.5
v 0.5 0 8.0
v 0.5 1.0 8.0
v 0.5 1.0 7.5
v 0.0 0 8.0
v 0.0 0 7.5
v 0.0 1.0 7.5
v 0.0 1.0 8.0
v 3.5 1.0 7.5
v 4.0 1.0 7.5
v 4.0 1.0 8.0
v 3.5 1.0 8.0
v 3.5 0 8.0
v 4.0 0 8.0
v 4.0 0 7.5
v 3.5 0 7.5
v 4.0 0 7.5
v 4.0 0 8.0
v 4.0 1.0 8.0
v 4.0 1.0 7.5
v 3.5 0 8.0
v 3.5 0 7.5
v 3.5 1.0 7.5
v 3.5 1.0 8.0
v 6.5 1.0 7.5
v 7.0 1.0 7.5
v 7.0 1.0 8.0
v 6.5 1.0 8.0
v 6.5 0 8.0
v 7.0 0 8.0
v 7.0 0 7.5
v 6.5 0 7.5
v 6.5 0 7.5
v 7.0 0 7.5
v 7.0 1.0 7.5
v 6.5 1.0 7.5
v 7.0 0 8.0
v 6.5 0 8.0
v 6.5 1.0 8.0
v 7.0 1.0 8.0
v 6.5 0 8.0
v 6.5 0 7.5
v 6.5 1.0 7.5
v 6.5 1.0 8.0
v 7.0 1.0 7.5
v 7.5 1.0 7.5
v 7.5 1.0 8.0
v 7.0 1.0 8.0
v 7.0 0 8.0
v 7.5 0 8.0
v 7.5 0 7.5
v 7.0 0 7.5
v 7.0 0 7.5
v 7.5 0 7.5
v 7.5 1.0 7.5
v 7.0 1.0 7.5
v 7.5 0 8.0
v 7.0 0 8.0
v 7.0 1.0 8.0
v 7.5 1.0 8.0
v 7.5 1.0 7.5
v 8.0 1.0 7.5
v 8.0 1.0 8.0
v 7.5 1.0 8.0
v 7.5 0 8.0
v 8.0 0 8.0
v 8.0 0 7.5
v 7.5 0 7.5
v 7.5 0 7.5
v 8.0 0 7.5
v 8.0 1.0 7.5
v 7.5 1.0 7.5
v 8.0 0 8.0
v 7.5 0 8.0
v 7.5 1.0 8.0
v 8.0 1.0 8.0
v 8.0 1.0 7.5
v 8.5 1.0 7.5
v 8.5 1.0 8.0
v 8.0 1.0 8.0
v 8.0 0 8.0
v 8.5 0 8.0
v 8.5 0 7.5
v 8.0 0 7.5
v 8.0 0 7.5
v 8.5 0 7.5
v 8.5 1.0 7.5
v 8.0 1.0 7.5
v 8.5 0 8.0
v 8.0 0 8.0
v 8.0 1.0 8.0
v 8.5 1.0 8.0
v 8.5 1.0 7.5
v 9.0 1.0 7.5
v 9.0 1.0 8.0
v 8.5 1.0 8.0
v 8.5 0 8.0
v 9.0 0 8.0
v 9.0 0 7.5
v 8.5 0 7.5
v 8.5 0 7.5
v 9.0 0 7.5
v 9.0 1.0 7.5
v 8.5 1.0 7.5
v 9.0 0 8.0
v 8.5 0 8.0
v 8.5 1.0 8.0
v 9.0 1.0 8.0
v 9.0 1.0 7.5
v 9.5 1.0 7.5
v 9.5 1.0 8.0
v 9.0 1.0 8.0
v 9.0 0 8.0
v 9.5 0 8.0
v 9.5 0 7.5
v 9.0 0 7.5
v 9.0 0 7.5
v 9.5 0 7.5
v 9.5 1.0 7.5
v 9.0 1.0 7.5
v 9.5 0 8.0
v 9.0 0 8.0
v 9.0 1.0 8.0
v 9.5 1.0 8.0
v 9.5 1.0 7.5
v 10.0 1.0 7.5
v 10.0 1.0 8.0
v 9.5 1.0 8.0
v 9.5 0 8.0
v 10.0 0 8.0
v 10.0 0 7.5
v 9.5 0 7.5
v 9.5 0 7.5
v 10.0 0 7.5
v 10.0 1.0 7.5
v 9.5 1.0 7.5
v 10.0 0 8.0
v 9.5 0 8.0
v 9.5 1.0 8.0
v 10.0 1.0 8.0
v 10.0 1.0 7.5
v 10.5 1.0 7.5
v 10.5 1.0 8.0
v 10.0 1.0 8.0
v 10.0 0 8.0
v 10.5 0 8.0
v 10.5 0 7.5
v 10.0 0 7.5
v 10.0 0 7.5
v 10.5 0 7.5
v 10.5 1.0 7.5
v 10.0 1.0 7.5
v 10.5 0 8.0
v 10.0 0 8.0
v 10.0 1.0 8.0
v 10.5 1.0 8.0
v 10.5 1.0 7.5
v 11.0 1.0 7.5
v 11.0 1.0 8.0
v 10.5 1.0 8.0
v 10.5 0 8.0
v 11.0 0 8.0
v 11.0 0 7.5
v 10.5 0 7.5
v 10.5 0 7.5
v 11.0 0 7.5
v 11.0 1.0 7.5
v 10.5 1.0 7.5
v 11.0 0 8.0
v 10.5 0 8.0
v 10.5 1.0 8.0
v 11.0 1.0 8.0
v 11.0 1.0 7.5
v 11.5 1.0 7.5
v 11.5 1.0 8.0
v 11.0 1.0 8.0
v 11.0 0 8.0
v 11.5 0 8.0
v 11.5 0 7.5
v 11.0 0 7.5
v 11.0 0 7.5
v 11.5 0 7.5
v 11.5 1.0 7.5
v 11.0 1.0 7.5
v 11.5 0 8.0
v 11.0 0 8.0
v 11.0 1.0 8.0
v 11.5 1.0 8.0
v 11.5 1.0 7.5
v 12.0 1.0 7.5
v 12.0 1.0 8.0
v 11.5 1.0 8.0
v 11.5 0 8.0
v 12.0 0 8.0
v 12.0 0 7.5
v 11.5 0 7.5
v 11.5 0 7.5
v 12.0 0 7.5
v 12.0 1.0 7.5
v 11.5 1.0 7.5
v 12.0 0 8.0
v 11.5 0 8.0
v 11.5 1.0 8.0
v 12.0 1.0 8.0
v 12.0 1.0 7.5
v 12.5 1.0 7.5
v 12.5 1.0 8.0
v 12.0 1.0 8.0
v 12.0 0 8.0
v 12.5 0 8.0
v 12.5 0 7.5
v 12.0 0 7.5
v 12.5 0 7.5
v 12.5 0 8.0
v 12.5 1.0 8.0
v 12.5 1.0 7.5
v 15.5 1.0 7.5
v 16.0 1.0 7.5
v 16.0 1.0 8.0
v 15.5 1.0 8.0
v 15.5 0 8.0
v 16.0 0 8.0
v 16.0 0 7.5
v 15.5 0 7.5
v 16.0 0 7.5
v 16.0 0 8.0
v 16.0 1.0 8.0
v 16.0 1.0 7.5
v 15.5 0 8.0
v 15.5 0 7.5
v 15.5 1.0 7.5
v 15.5 1.0 8.0
v 0.0 1.0 8.0
v 0.5 1.0 8.0
v 0.5 1.0 8.5
v 0.0 1.0 8.5
v 0.0 0 8.5
v 0.5 0 8.5
v 0.5 0 8.0
v 0.0 0 8.0
v 0.5 0 8.0
v 0.5 0 8.5
v 0.5 1.0 8.5
v 0.5 1.0 8.0
v 0.0 0 8.5
v 0.0 0 8.0
v 0.0 1.0 8.0
v 0.0 1.0 8.5
v 3.5 1.0 8.0
v 4.0 1.0 8.0
v 4.0 1.0 8.5
v 3.5 1.0 8.5
v 3.5 0 8.5
v 4.0 0 8.5
v 4.0 0 8.0
v 3.5 0 8.0
v 4.0 0 8.0
v 4.0 0 8.5
v 4.0 1.0 8.5
v 4.0 1.0 8.0
v 3.5 0 8.5
v 3.5 0 8.0
v 3.5 1.0 8.0
v 3.5 1.0 8.5
v 12.0 1.0 8.0
v 12.5 1.0 8.0
v 12.5 1.0 8.5
v 12.0 1.0 8.5
v 12.0 0 8.5
v 12.5 0 8.5
v 12.5 0 8.0
v 12.0 0 8.0
v 12.5 0 8.0
v 12.5 0 8.5
v 12.5 1.0 8.5
v 12.5 1.0 8.0
v 12.0 0 8.5
v 12.0 0 8.0
v 12.0 1.0 8.0
v 12.0 1.0 8.5
v 15.5 1.0 8.0
v 16.0 1.0 8.0
v 16.0 1.0 8.5
v 15.5 1.0 8.5
v 15.5 0 8.5
v 16.0 0 8.5
v 16.0 0 8.0
v 15.5 0 8.0
v 16.0 0 8.0
v 16.0 0 8.5
v 16.0 1.0 8.5
v 16.0 1.0 8.0
v 15.5 0 8.5
v 15.5 0 8.0
v 15.5 1.0 8.0
v 15.5 1.0 8.5
v 0.0 1.0 8.5
v 0.5 1.0 8.5
v 0.5 1.0 9.0
v 0.0 1.0 9.0
v 0.0 0 9.0
v 0.5 0 9.0
v 0.5 0 8.5
v 0.0 0 8.5
v 0.5 0 8.5
v 0.5 0 9.0
v 0.5 1.0 9.0
v 0.5 1.0 8.5
v 0.0 0 9.0
v 0.0 0 8.5
v 0.0 1.0 8.5
v 0.0 1.0 9.0
v 3.5 1.0 8.5
v 4.0 1.0 8.5
v 4.0 1.0 9.0
v 3.5 1.0 9.0
v 3.5 0 9.0
v 4.0 0 9.0
v 4.0 0 8.5
v 3.5 0 8.5
v 4.0 0 8.5
v 4.0 0 9.0
v 4.0 1.0 9.0
v 4.0 1.0 8.5
v 3.5 0 9.0
v 3.5 0 8.5
v 3.5 1.0 8.5
v 3.5 1.0 9.0
v 12.0 1.0 8.5
v 12.5 1.0 8.5
v 12.5 1.0 9.0
v 12.0 1.0 9.0
v 12.0 0 9.0
v 12.5 0 9.0
v 12.5 0 8.5
v 12.0 0 8.5
v 12.5 0 8.5
v 12.5 0 9.0
v 12.5 1.0 9.0
v 12.5 1.0 8.5
v 12.0 0 9.0
v 12.0 0 8.5
v 12.0 1.0 8.5
v 12.0 1.0 9.0
v 15.5 1.0 8.5
v 16.0 1.0 8.5
v 16.0 1.0 9.0
v 15.5 1.0 9.0
v 15.5 0 9.0
v 16.0 0 9.0
v 16.0 0 8.5
v 15.5 0 8.5
v 16.0 0 8.5
v 16.0 0 9.0
v 16.0 1.0 9.0
v 16.0 1.0 8.5
v 15.5 0 9.0
v 15.5 0 8.5
v 15.5 1.0 8.5
v 15.5 1.0 9.0
v 0.0 1.0 9.0
v 0.5 1.0 9.0
v 0.5 1.0 9.5
v 0.0 1.0 9.5
v 0.0 0 9.5
v 0.5 0 9.5
v 0.5 0 9.0
v 0.0 0 9.0
v 0.5 0 9.0
v 0.5 0 9.5
v 0.5 1.0 9.5
v 0.5 1.0 9.0
v 0.0 0 9.5
v 0.0 0 9.0
v 0.0 1.0 9.0
v 0.0 1.0 9.5
v 3.5 1.0 9.0
v 4.0 1.0 9.0
v 4.0 1.0 9.5
v 3.5 1.0 9.5
v 3.5 0 9.5
v 4.0 0 9.5
v 4.0 0 9.0
v 3.5 0 9.0
v 4.0 0 9.0
v 4.0 0 9.5
v 4.0 1.0 9.5
v 4.0 1.0 9.0
v 3.5 0 9.5
v 3.5 0 9.0
v 3.5 1.0 9.0
v 3.5 1.0 9.5
v 12.0 1.0 9.0
v 12.5 1.0 9.0
v 12.5 1.0 9.5
v 12.0 1.0 9.5
v 12.0 0 9.5
v 12.5 0 9.5
v 12.5 0 9.0
v 12.0 0 9.0
v 12.5 0 9.0
v 12.5 0 9.5
v 12.5 1.0 9.5
v 12.5 1.0 9.0
v 12.0 0 9.5
v 12.0 0 9.0
v 12.0 1.0 9.0
v 12.0 1.0 9.5
v 15.5 1.0 9.0
v 16.0 1.0 9.0
v 16.0 1.0 9.5
v 15.5 1.0 9.5
v 15.5 0 9.5
v 16.0 0 9.5
v 16.0 0 9.0
v 15.5 0 9.0
v 16.0 0 9.0
v 16.0 0 9.5
v 16.0 1.0 9.5
v 16.0 1.0 9.0
v 15.5 0 9.5
v 15.5 0 9.0
v 15.5 1.0 9.0
v 15.5 1.0 9.5
v 0.0 1.0 9.5
v 0.5 1.0 9.5
v 0.5 1.0 10.0
v 0.0 1.0 10.0
v 0.0 0 10.0
v 0.5 0 10.0
v 0.5 0 9.5
v 0.0 0 9.5
v 0.5 0 9.5
v 0.5 0 10.0
v 0.5 1.0 10.0
v 0.5 1.0 9.5
v 0.0 0 10.0
v 0.0 0 9.5
v 0.0 1.0 9.5
v 0.0 1.0 10.0
v 3.5 1.0 9.5
v 4.0 1.0 9.5
v 4.0 1.0 10.0
v 3.5 1.0 10.0
v 3.5 0 10.0
v 4.0 0 10.0
v 4.0 0 9.5
v 3.5 0 9.5
v 4.0 0 9.5
v 4.0 0 10.0
v 4.0 1.0 10.0
v 4.0 1.0 9.5
v 4.0 0 10.0
v 3.5 0 10.0
v 3.5 1.0 10.0
v 4.0 1.0 10.0
v 3.5 0 10.0
v 3.5 0 9.5
v 3.5 1.0 9.5
v 3.5 1.0 10.0
v 12.0 1.0 9.5
v 12.5 1.0 9.5
v 12.5 1.0 10.0
v 12.0 1.0 10.0
v 12.0 0 10.0
v 12.5 0 10.0
v 12.5 0 9.5
v 12.0 0 9.5
v 12.5 0 9.5
v 12.5 0 10.0
v 12.5 1.0 10.0
v 12.5 1.0 9.5
v 12.0 0 10.0
v 12.0 0 9.5
v 12.0 1.0 9.5
v 12.0 1.0 10.0
v 15.5 1.0 9.5
v 16.0 1.0 9.5
v 16.0 1.0 10.0
v 15.5 1.0 10.0
v 15.5 0 10.0
v 16.0 0 10.0
v 16.0 0 9.5
v 15.5 0 9.5
v 16.0 0 9.5
v 16.0 0 10.0
v 16.0 1.0 10.0
v 16.0 1.0 9.5
v 15.5 0 10.0
v 15.5 0 9.5
v 15.5 1.0 9.5
v 15.5 1.0 10.0
v 0.0 1.0 10.0
v 0.5 1.0 10.0
v 0.5 1.0 10.5
v 0.0 1.0 10.5
v 0.0 0 10.5
v 0.5 0 10.5
v 0.5 0 10.0
v 0.0 0 10.0
v 0.5 0 10.0
v 0.5 0 10.5
v 0.5 1.0 10.5
v 0.5 1.0 10.0
v 0.0 0 10.5
v 0.0 0 10.0
v 0.0 1.0 10.0
v 0.0 1.0 10.5
v 12.0 1.0 10.0
v 12.5 1.0 10.0
v 12.5 1.0 10.5
v 12.0 1.0 10.5
v 12.0 0 10.5
v 12.5 0 10.5
v 12.5 0 10.0
v 12.0 0 10.0
v 12.5 0 10.0
v 12.5 0 10.5
v 12.5 1.0 10.5
v 12.5 1.0 10.0
v 12.0 0 10.5
v 12.0 0 10.0
v 12.0 1.0 10.0
v 12.0 1.0 10.5
v 15.5 1.0 10.0
v 16.0 1.0 10.0
v 16.0 1.0 10.5
v 15.5 1.0 10.5
v 15.5 0 10.5
v 16.0 0 10.5
v 16.0 0 10.0
v 15.5 0 10.0
v 16.0 0 10.0
v 16.0 0 10.5
v 16.0 1.0 10.5
v 16.0 1.0 10.0
v 15.5 0 10.5
v 15.5 0 10.0
v 15.5 1.0 10.0
v 15.5 1.0 10.5
v 0.0 1.0 10.5
v 0.5 1.0 10.5
v 0.5 1.0 11.0
v 0.0 1.0 11.0
v 0.0 0 11.0
v 0.5 0 11.0
v 0.5 0 10.5
v 0.0 0 10.5
v 0.5 0 10.5
v 0.5 0 11.0
v 0.5 1.0 11.0
v 0.5 1.0 10.5
v 0.0 0 11.0
v 0.0 0 10.5
v 0.0 1.0 10.5
v 0.0 1.0 11.0
v 12.0 1.0 10.5
v 12.5 1.0 10.5
v 12.5 1.0 11.0
v 12.0 1.0 11.0
v 12.0 0 11.0
v 12.5 0 11.0
v 12.5 0 10.5
v 12.0 0 10.5
v 12.5 0 10.5
v 12.5 0 11.0
v 12.5 1.0 11.0
v 12.5 1.0 10.5
v 12.0 0 11.0
v 12.0 0 10.5
v 12.0 1.0 10.5
v 12.0 1.0 11.0
v 15.5 1.0 10.5
v 16.0 1.0 10.5
v 16.0 1.0 11.0
v 15.5 1.0 11.0
v 15.5 0 11.0
v 16.0 0 11.0
v 16.0 0 10.5
v 15.5 0 10.5
v 16.0 0 10.5
v 16.0 0 11.0
v 16.0 1.0 11.0
v 16.0 1.0 10.5
v 15.5 0 11.0
v 15.5 0 10.5
v 15.5 1.0 10.5
v 15.5 1.0 11.0
v 0.0 1.0 11.0
v 0.5 1.0 11.0
v 0.5 1.0 11.5
v 0.0 1.0 11.5
v 0.0 0 11.5
v 0.5 0 11.5
v 0.5 0 11.0
v 0.0 0 11.0
v 0.5 0 11.0
v 0.5 0 11.5
v 0.5 1.0 11.5
v 0.5 1.0 11.0
v 0.0 0 11.5
v 0.0 0 11.0
v 0.0 1.0 11.0
v 0.0 1.0 11.5
v 12.0 1.0 11.0
v 12.5 1.0 11.0
v 12.5 1.0 11.5
v 12.0 1.0 11.5
v 12.0 0 11.5
v 12.5 0 11.5
v 12.5 0 11.0
v 12.0 0 11.0
v 12.5 0 11.0
v 12.5 0 11.5
v 12.5 1.0 11.5
v 12.5 1.0 11.0
v 12.0 0 11.5
v 12.0 0 11.0
v 12.0 1.0 11.0
v 12.0 1.0 11.5
v 15.5 1.0 11.0
v 16.0 1.0 11.0
v 16.0 1.0 11.5
v 15.5 1.0 11.5
v 15.5 0 11.5
v 16.0 0 11.5
v 16.0 0 11.0
v 15.5 0 11.0
v 16.0 0 11.0
v 16.0 0 11.5
v 16.0 1.0 11.5
v 16.0 1.0 11.0
v 15.5 0 11.5
v 15.5 0 11.0
v 15.5 1.0 11.0
v 15.5 1.0 11.5
v 0.0 1.0 11.5
v 0.5 1.0 11.5
v 0.5 1.0 12.0
v 0.0 1.0 12.0
v 0.0 0 12.0
v 0.5 0 12.0
v 0.5 0 11.5
v 0.0 0 11.5
v 0.0 0 12.0
v 0.0 0 11.5
v 0.0 1.0 11.5
v 0.0 1.0 12.0
v 0.5 1.0 11.5
v 1.0 1.0 11.5
v 1.0 1.0 12.0
v 0.5 1.0 12.0
v 0.5 0 12.0
v 1.0 0 12.0
v 1.0 0 11.5
v 0.5 0 11.5
v 0.5 0 11.5
v 1.0 0 11.5
v 1.0 1.0 11.5
v 0.5 1.0 11.5
v 1.0 0 12.0
v 0.5 0 12.0
v 0.5 1.0 12.0
v 1.0 1.0 12.0
v 1.0 1.0 11.5
v 1.5 1.0 11.5
v 1.5 1.0 12.0
v 1.0 1.0 12.0
v 1.0 0 12.0
v 1.5 0 12.0
v 1.5 0 11.5
v 1.0 0 11.5
v 1.0 0 11.5
v 1.5 0 11.5
v 1.5 1.0 11.5
v 1.0 1.0 11.5
v 1.5 0 12.0
v 1.0 0 12.0
v 1.0 1.0 12.0
v 1.5 1.0 12.0
v 1.5 1.0 11.5
v 2.0 1.0 11.5
v 2.0 1.0 12.0
v 1.5 1.0 12.0
v 1.5 0 12.0
v 2.0 0 12.0
v 2.0 0 11.5
v 1.5 0 11.5
v 1.5 0 11.5
v 2.0 0 11.5
v 2.0 1.0 11.5
v 1.5 1.0 11.5
v 2.0 0 12.0
v 1.5 0 12.0
v 1.5 1.0 12.0
v 2.0 1.0 12.0
v 2.0 1.0 11.5
v 2.5 1.0 11.5
v 2.5 1.0 12.0
v 2.0 1.0 12.0
v 2.0 0 12.0
v 2.5 0 12.0
v 2.5 0 11.5
v 2.0 0 11.5
v 2.0 0 11.5
v 2.5 0 11.5
v 2.5 1.0 11.5
v 2.0 1.0 11.5
v 2.5 0 12.0
v 2.0 0 12.0
v 2.0 1.0 12.0
v 2.5 1.0 12.0
v 2.5 1.0 11.5
v 3.0 1.0 11.5
v 3.0 1.0 12.0
v 2.5 1.0 12.0
v 2.5 0 12.0
v 3.0 0 12.0
v 3.0 0 11.5
v 2.5 0 11.5
v 2.5 0 11.5
v 3.0 0 11.5
v 3.0 1.0 11.5
v 2.5 1.0 11.5
v 3.0 0 12.0
v 2.5 0 12.0
v 2.5 1.0 12.0
v 3.0 1.0 12.0
v 3.0 1.0 11.5
v 3.5 1.0 11.5
v 3.5 1.0 12.0
v 3.0 1.0 12.0
v 3.0 0 12.0
v 3.5 0 12.0
v 3.5 0 11.5
v 3.0 0 11.5
v 3.0 0 11.5
v 3.5 0 11.5
v 3.5 1.0 11.5
v 3.0 1.0 11.5
v 3.5 0 12.0
v 3.0 0 12.0
v 3.0 1.0 12.0
v 3.5 1.0 12.0
v 3.5 1.0 11.5
v 4.0 1.0 11.5
v 4.0 1.0 12.0
v 3.5 1.0 12.0
v 3.5 0 12.0
v 4.0 0 12.0
v 4.0 0 11.5
v 3.5 0 11.5
v 3.5 0 11.5
v 4.0 0 11.5
v 4.0 1.0 11.5
v 3.5 1.0 11.5
v 4.0 1.0 11.5
v 4.5 1.0 11.5
v 4.5 1.0 12.0
v 4.0 1.0 12.0
v 4.0 0 12.0
v 4.5 0 12.0
v 4.5 0 11.5
v 4.0 0 11.5
v 4.0 0 11.5
v 4.5 0 11.5
v 4.5 1.0 11.5
v 4.0 1.0 11.5
v 4.5 0 12.0
v 4.0 0 12.0
v 4.0 1.0 12.0
v 4.5 1.0 12.0
v 4.5 1.0 11.5
v 5.0 1.0 11.5
v 5.0 1.0 12.0
v 4.5 1.0 12.0
v 4.5 0 12.0
v 5.0 0 12.0
v 5.0 0 11.5
v 4.5 0 11.5
v 4.5 0 11.5
v 5.0 0 11.5
v 5.0 1.0 11.5
v 4.5 1.0 11.5
v 5.0 0 12.0
v 4.5 0 12.0
v 4.5 1.0 12.0
v 5.0 1.0 12.0
v 5.0 1.0 11.5
v 5.5 1.0 11.5
v 5.5 1.0 12.0
v 5.0 1.0 12.0
v 5.0 0 12.0
v 5.5 0 12.0
v 5.5 0 11.5
v 5.0 0 11.5
v 5.0 0 11.5
v 5.5 0 11.5
v 5.5 1.0 11.5
v 5.0 1.0 11.5
v 5.5 0 12.0
v 5.0 0 12.0
v 5.0 1.0 12.0
v 5.5 1.0 12.0
v 5.5 1.0 11.5
v 6.0 1.0 11.5
v 6.0 1.0 12.0
v 5.5 1.0 12.0
v 5.5 0 12.0
v 6.0 0 12.0
v 6.0 0 11.5
v 5.5 0 11.5
v 5.5 0 11.5
v 6.0 0 11.5
v 6.0 1.0 11.5
v 5.5 1.0 11.5
v 6.0 0 12.0
v 5.5 0 12.0
v 5.5 1.0 12.0
v 6.0 1.0 12.0
v 6.0 1.0 11.5
v 6.5 1.0 11.5
v 6.5 1.0 12.0
v 6.0 1.0 12.0
v 6.0 0 12.0
v 6.5 0 12.0
v 6.5 0 11.5
v 6.0 0 11.5
v 6.0 0 11.5
v 6.5 0 11.5
v 6.5 1.0 11.5
v 6.0 1.0 11.5
v 6.5 0 12.0
v 6.0 0 12.0
v 6.0 1.0 12.0
v 6.5 1.0 12.0
v 6.5 1.0 11.5
v 7.0 1.0 11.5
v 7.0 1.0 12.0
v 6.5 1.0 12.0
v 6.5 0 12.0
v 7.0 0 12.0
v 7.0 0 11.5
v 6.5 0 11.5
v 6.5 0 11.5
v 7.0 0 11.5
v 7.0 1.0 11.5
v 6.5 1.0 11.5
v 7.0 0 11.5
v 7.0 0 12.0
v 7.0 1.0 12.0
v 7.0 1.0 11.5
v 7.0 0 12.0
v 6.5 0 12.0
v 6.5 1.0 12.0
v 7.0 1.0 12.0
v 9.0 1.0 11.5
v 9.5 1.0 11.5
v 9.5 1.0 12.0
v 9.0 1.0 12.0
v 9.0 0 12.0
v 9.5 0 12.0
v 9.5 0 11.5
v 9.0 0 11.5
v 9.0 0 11.5
v 9.5 0 11.5
v 9.5 1.0 11.5
v 9.0 1.0 11.5
v 9.5 0 12.0
v 9.0 0 12.0
v 9.0 1.0 12.0
v 9.5 1.0 12.0
v 9.0 0 12.0
v 9.0 0 11.5
v 9.0 1.0 11.5
v 9.0 1.0 12.0
v 9.5 1.0 11.5
v 10.0 1.0 11.5
v 10.0 1.0 12.0
v 9.5 1.0 12.0
v 9.5 0 12.0
v 10.0 0 12.0
v 10.0 0 11.5
v 9.5 0 11.5
v 9.5 0 11.5
v 10.0 0 11.5
v 10.0 1.0 11.5
v 9.5 1.0 11.5
v 10.0 0 12.0
v 9.5 0 12.0
v 9.5 1.0 12.0
v 10.0 1.0 12.0
v 10.0 1.0 11.5
v 10.5 1.0 11.5
v 10.5 1.0 12.0
v 10.0 1.0 12.0
v 10.0 0 12.0
v 10.5 0 12.0
v 10.5 0 11.5
v 10.0 0 11.5
v 10.0 0 11.5
v 10.5 0 11.5
v 10.5 1.0 11.5
v 10.0 1.0 11.5
v 10.5 0 12.0
v 10.0 0 12.0
v 10.0 1.0 12.0
v 10.5 1.0 12.0
v 10.5 1.0 11.5
v 11.0 1.0 11.5
v 11.0 1.0 12.0
v 10.5 1.0 12.0
v 10.5 0 12.0
v 11.0 0 12.0
v 11.0 0 11.5
v 10.5 0 11.5
v 10.5 0 11.5
v 11.0 0 11.5
v 11.0 1.0 11.5
v 10.5 1.0 11.5
v 11.0 0 12.0
v 10.5 0 12.0
v 10.5 1.0 12.0
v 11.0 1.0 12.0
v 11.0 1.0 11.5
v 11.5 1.0 11.5
v 11.5 1.0 12.0
v 11.0 1.0 12.0
v 11.0 0 12.0
v 11.5 0 12.0
v 11.5 0 11.5
v 11.0 0 11.5
v 11.0 0 11.5
v 11.5 0 11.5
v 11.5 1.0 11.5
v 11.0 1.0 11.5
v 11.5 0 12.0
v 11.0 0 12.0
v 11.0 1.0 12.0
v 11.5 1.0 12.0
v 11.5 1.0 11.5
v 12.0 1.0 11.5
v 12.0 1.0 12.0
v 11.5 1.0 12.0
v 11.5 0 12.0
v 12.0 0 12.0
v 12.0 0 11.5
v 11.5 0 11.5
v 11.5 0 11.5
v 12.0 0 11.5
v 12.0 1.0 11.5
v 11.5 1.0 11.5
v 12.0 0 12.0
v 11.5 0 12.0
v 11.5 1.0 12.0
v 12.0 1.0 12.0
v 12.0 1.0 11.5
v 12.5 1.0 11.5
v 12.5 1.0 12.0
v 12.0 1.0 12.0
v 12.0 0 12.0
v 12.5 0 12.0
v 12.5 0 11.5
v 12.0 0 11.5
v 12.5 1.0 11.5
v 13.0 1.0 11.5
v 13.0 1.0 12.0
v 12.5 1.0 12.0
v 12.5 0 12.0
v 13.0 0 12.0
v 13.0 0 11.5
v 12.5 0 11.5
v 12.5 0 11.5
v 13.0 0 11.5
v 13.0 1.0 11.5
v 12.5 1.0 11.5
v 13.0 0 12.0
v 12.5 0 12.0
v 12.5 1.0 12.0
v 13.0 1.0 12.0
v 13.0 1.0 11.5
v 13.5 1.0 11.5
v 13.5 1.0 12.0
v 13.0 1.0 12.0
v 13.0 0 12.0
v 13.5 0 12.0
v 13.5 0 11.5
v 13.0 0 11.5
v 13.0 0 11.5
v 13.5 0 11.5
v 13.5 1.0 11.5
v 13.0 1.0 11.5
v 13.5 0 12.0
v 13.0 0 12.0
v 13.0 1.0 12.0
v 13.5 1.0 12.0
v 13.5 1.0 11.5
v 14.0 1.0 11.5
v 14.0 1.0 12.0
v 13.5 1.0 12.0
v 13.5 0 12.0
v 14.0 0 12.0
v 14.0 0 11.5
v 13.5 0 11.5
v 13.5 0 11.5
v 14.0 0 11.5
v 14.0 1.0 11.5
v 13.5 1.0 11.5
v 14.0 0 12.0
v 13.5 0 12.0
v 13.5 1.0 12.0
v 14.0 1.0 12.0
v 14.0 1.0 11.5
v 14.5 1.0 11.5
v 14.5 1.0 12.0
v 14.0 1.0 12.0
v 14.0 0 12.0
v 14.5 0 12.0
v 14.5 0 11.5
v 14.0 0 11.5
v 14.0 0 11.5
v 14.5 0 11.5
v 14.5 1.0 11.5
v 14.0 1.0 11.5
v 14.5 0 12.0
v 14.0 0 12.0
v 14.0 1.0 12.0
v 14.5 1.0 12.0
v 14.5 1.0 11.5
v 15.0 1.0 11.5
v 15.0 1.0 12.0
v 14.5 1.0 12.0
v 14.5 0 12.0
v 15.0 0 12.0
v 15.0 0 11.5
v 14.5 0 11.5
v 14.5 0 11.5
v 15.0 0 11.5
v 15.0 1.0 11.5
v 14.5 1.0 11.5
v 15.0 0 12.0
v 14.5 0 12.0
v 14.5 1.0 12.0
v 15.0 1.0 12.0
v 15.0 1.0 11.5
v 15.5 1.0 11.5
v 15.5 1.0 12.0
v 15.0 1.0 12.0
v 15.0 0 12.0
v 15.5 0 12.0
v 15.5 0 11.5
v 15.0 0 11.5
v 15.0 0 11.5
v 15.5 0 11.5
v 15.5 1.0 11.5
v 15.0 1.0 11.5
v 15.5 0 12.0
v 15.0 0 12.0
v 15.0 1.0 12.0
v 15.5 1.0 12.0
v 15.5 1.0 11.5
v 16.0 1.0 11.5
v 16.0 1.0 12.0
v 15.5 1.0 12.0
v 15.5 0 12.0
v 16.0 0 12.0
v 16.0 0 11.5
v 15.5 0 11.5
v 16.0 0 11.5
v 16.0 0 12.0
v 16.0 1.0 12.0
v 16.0 1.0 11.5
v 0.0 1.0 12.0
v 0.5 1.0 12.0
v 0.5 1.0 12.5
v 0.0 1.0 12.5
v 0.0 0 12.5
v 0.5 0 12.5
v 0.5 0 12.0
v 0.0 0 12.0
v 0.5 0 12.0
v 0.5 0 12.5
v 0.5 1.0 12.5
v 0.5 1.0 12.0
v 0.0 0 12.5
v 0.0 0 12.0
v 0.0 1.0 12.0
v 0.0 1.0 12.5
v 3.5 1.0 12.0
v 4.0 1.0 12.0
v 4.0 1.0 12.5
v 3.5 1.0 12.5
v 3.5 0 12.5
v 4.0 0 12.5
v 4.0 0 12.0
v 3.5 0 12.0
v 4.0 0 12.0
v 4.0 0 12.5
v 4.0 1.0 12.5
v 4.0 1.0 12.0
v 3.5 0 12.5
v 3.5 0 12.0
v 3.5 1.0 12.0
v 3.5 1.0 12.5
v 12.0 1.0 12.0
v 12.5 1.0 12.0
v 12.5 1.0 12.5
v 12.0 1.0 12.5
v 12.0 0 12.5
v 12.5 0 12.5
v 12.5 0 12.0
v 12.0 0 12.0
v 12.5 0 12.0
v 12.5 0 12.5
v 12.5 1.0 12.5
v 12.5 1.0 12.0
v 12.0 0 12.5
v 12.0 0 12.0
v 12.0 1.0 12.0
v 12.0 1.0 12.5
v 15.5 1.0 12.0
v 16.0 1.0 12.0
v 16.0 1.0 12.5
v 15.5 1.0 12.5
v 15.5 0 12.5
v 16.0 0 12.5
v 16.0 0 12.0
v 15.5 0 12.0
v 16.0 0 12.0
v 16.0 0 12.5
v 16.0 1.0 12.5
v 16.0 1.0 12.0
v 15.5 0 12.5
v 15.5 0 12.0
v 15.5 1.0 12.0
v 15.5 1.0 12.5
v 0.0 1.0 12.5
v 0.5 1.0 12.5
v 0.5 1.0 13.0
v 0.0 1.0 13.0
v 0.0 0 13.0
v 0.5 0 13.0
v 0.5 0 12.5
v 0.0 0 12.5
v 0.5 0 12.5
v 0.5 0 13.0
v 0.5 1.0 13.0
v 0.5 1.0 12.5
v 0.0 0 13.0
v 0.0 0 12.5
v 0.0 1.0 12.5
v 0.0 1.0 13.0
v 3.5 1.0 12.5
v 4.0 1.0 12.5
v 4.0 1.0 13.0
v 3.5 1.0 13.0
v 3.5 0 13.0
v 4.0 0 13.0
v 4.0 0 12.5
v 3.5 0 12.5
v 4.0 0 12.5
v 4.0 0 13.0
v 4.0 1.0 13.0
v 4.0 1.0 12.5
v 3.5 0 13.0
v 3.5 0 12.5
v 3.5 1.0 12.5
v 3.5 1.0 13.0
v 12.0 1.0 12.5
v 12.5 1.0 12.5
v 12.5 1.0 13.0
v 12.0 1.0 13.0
v 12.0 0 13.0
v 12.5 0 13.0
v 12.5 0 12.5
v 12.0 0 12.5
v 12.5 0 12.5
v 12.5 0 13.0
v 12.5 1.0 13.0
v 12.5 1.0 12.5
v 12.0 0 13.0
v 12.0 0 12.5
v 12.0 1.0 12.5
v 12.0 1.0 13.0
v 15.5 1.0 12.5
v 16.0 1.0 12.5
v 16.0 1.0 13.0
v 15.5 1.0 13.0
v 15.5 0 13.0
v 16.0 0 13.0
v 16.0 0 12.5
v 15.5 0 12.5
v 16.0 0 12.5
v 16.0 0 13.0
v 16.0 1.0 13.0
v 16.0 1.0 12.5
v 15.5 0 13.0
v 15.5 0 12.5
v 15.5 1.0 12.5
v 15.5 1.0 13.0
v 0.0 1.0 13.0
v 0.5 1.0 13.0
v 0.5 1.0 13.5
v 0.0 1.0 13.5
v 0.0 0 13.5
v 0.5 0 13.5
v 0.5 0 13.0
v 0.0 0 13.0
v 0.5 0 13.0
v 0.5 0 13.5
v 0.5 1.0 13.5
v 0.5 1.0 13.0
v 0.0 0 13.5
v 0.0 0 13.0
v 0.0 1.0 13.0
v 0.0 1.0 13.5
v 3.5 1.0 13.0
v 4.0 1.0 13.0
v 4.0 1.0 13.5
v 3.5 1.0 13.5
v 3.5 0 13.5
v 4.0 0 13.5
v 4.0 0 13.0
v 3.5 0 13.0
v 4.0 0 13.0
v 4.0 0 13.5
v 4.0 1.0 13.5
v 4.0 1.0 13.0
v 4.0 0 13.5
v 3.5 0 13.5
v 3.5 1.0 13.5
v 4.0 1.0 13.5
v 3.5 0 13.5
v 3.5 0 13.0
v 3.5 1.0 13.0
v 3.5 1.0 13.5
v 12.0 1.0 13.0
v 12.5 1.0 13.0
v 12.5 1.0 13.5
v 12.0 1.0 13.5
v 12.0 0 13.5
v 12.5 0 13.5
v 12.5 0 13.0
v 12.0 0 13.0
v 12.5 0 13.0
v 12.5 0 13.5
v 12.5 1.0 13.5
v 12.5 1.0 13.0
v 12.5 0 13.5
v 12.0 0 13.5
v 12.0 1.0 13.5
v 12.5 1.0 13.5
v 12.0 0 13.5
v 12.0 0 13.0
v 12.0 1.0 13.0
v 12.0 1.0 13.5
v 15.5 1.0 13.0
v 16.0 1.0 13.0
v 16.0 1.0 13.5
v 15.5 1.0 13.5
v 15.5 0 13.5
v 16.0 0 13.5
v 16.0 0 13.0
v 15.5 0 13.0
v 16.0 0 13.0
v 16.0 0 13.5
v 16.0 1.0 13.5
v 16.0 1.0 13.0
v 15.5 0 13.5
v 15.5 0 13.0
v 15.5 1.0 13.0
v 15.5 1.0 13.5
v 0.0 1.0 13.5
v 0.5 1.0 13.5
v 0.5 1.0 14.0
v 0.0 1.0 14.0
v 0.0 0 14.0
v 0.5 0 14.0
v 0.5 0 13.5
v 0.0 0 13.5
v 0.5 0 13.5
v 0.5 0 14.0
v 0.5 1.0 14.0
v 0.5 1.0 13.5
v 0.0 0 14.0
v 0.0 0 13.5
v 0.0 1.0 13.5
v 0.0 1.0 14.0
v 15.5 1.0 13.5
v 16.0 1.0 13.5
v 16.0 1.0 14.0
v 15.5 1.0 14.0
v 15.5 0 14.0
v 16.0 0 14.0
v 16.0 0 13.5
v 15.5 0 13.5
v 16.0 0 13.5
v 16.0 0 14.0
v 16.0 1.0 14.0
v 16.0 1.0 13.5
v 15.5 0 14.0
v 15.5 0 13.5
v 15.5 1.0 13.5
v 15.5 1.0 14.0
v 0.0 1.0 14.0
v 0.5 1.0 14.0
v 0.5 1.0 14.5
v 0.0 1.0 14.5
v 0.0 0 14.5
v 0.5 0 14.5
v 0.5 0 14.0
v 0.0 0 14.0
v 0.5 0 14.0
v 0.5 0 14.5
v 0.5 1.0 14.5
v 0.5 1.0 14.0
v 0.0 0 14.5
v 0.0 0 14.0
v 0.0 1.0 14.0
v 0.0 1.0 14.5
v 15.5 1.0 14.0
v 16.0 1.0 14.0
v 16.0 1.0 14.5
v 15.5 1.0 14.5
v 15.5 0 14.5
v 16.0 0 14.5
v 16.0 0 14.0
v 15.5 0 14.0
v 16.0 0 14.0
v 16.0 0 14.5
v 16.0 1.0 14.5
v 16.0 1.0 14.0
v 15.5 0 14.5
v 15.5 0 14.0
v 15.5 1.0 14.0
v 15.5 1.0 14.5
v 0.0 1.0 14.5
v 0.5 1.0 14.5
v 0.5 1.0 15.0
v 0.0 1.0 15.0
v 0.0 0 15.0
v 0.5 0 15.0
v 0.5 0 14.5
v 0.0 0 14.5
v 0.5 0 14.5
v 0.5 0 15.0
v 0.5 1.0 15.0
v 0.5 1.0 14.5
v 0.0 0 15.0
v 0.0 0 14.5
v 0.0 1.0 14.5
v 0.0 1.0 15.0
v 15.5 1.0 14.5
v 16.0 1.0 14.5
v 16.0 1.0 15.0
v 15.5 1.0 15.0
v 15.5 0 15.0
v 16.0 0 15.0
v 16.0 0 14.5
v 15.5 0 14.5
v 16.0 0 14.5
v 16.0 0 15.0
v 16.0 1.0 15.0
v 16.0 1.0 14.5
v 15.5 0 15.0
v 15.5 0 14.5
v 15.5 1.0 14.5
v 15.5 1.0 15.0
v 0.0 1.0 15.0
v 0.5 1.0 15.0
v 0.5 1.0 15.5
v 0.0 1.0 15.5
v 0.0 0 15.5
v 0.5 0 15.5
v 0.5 0 15.0
v 0.0 0 15.0
v 0.5 0 15.0
v 0.5 0 15.5
v 0.5 1.0 15.5
v 0.5 1.0 15.0
v 0.0 0 15.5
v 0.0 0 15.0
v 0.0 1.0 15.0
v 0.0 1.0 15.5
v 3.5 1.0 15.0
v 4.0 1.0 15.0
v 4.0 1.0 15.5
v 3.5 1.0 15.5
v 3.5 0 15.5
v 4.0 0 15.5
v 4.0 0 15.0
v 3.5 0 15.0
v 3.5 0 15.0
v 4.0 0 15.0
v 4.0 1.0 15.0
v 3.5 1.0 15.0
v 4.0 0 15.0
v 4.0 0 15.5
v 4.0 1.0 15.5
v 4.0 1.0 15.0
v 3.5 0 15.5
v 3.5 0 15.0
v 3.5 1.0 15.0
v 3.5 1.0 15.5
v 12.0 1.0 15.0
v 12.5 1.0 15.0
v 12.5 1.0 15.5
v 12.0 1.0 15.5
v 12.0 0 15.5
v 12.5 0 15.5
v 12.5 0 15.0
v 12.0 0 15.0
v 12.0 0 15.0
v 12.5 0 15.0
v 12.5 1.0 15.0
v 12.0 1.0 15.0
v 12.5 0 15.0
v 12.5 0 15.5
v 12.5 1.0 15.5
v 12.5 1.0 15.0
v 12.0 0 15.5
v 12.0 0 15.0
v 12.0 1.0 15.0
v 12.0 1.0 15.5
v 15.5 1.0 15.0
v 16.0 1.0 15.0
v 16.0 1.0 15.5
v 15.5 1.0 15.5
v 15.5 0 15.5
v 16.0 0 15.5
v 16.0 0 15.0
v 15.5 0 15.0
v 16.0 0 15.0
v 16.0 0 15.5
v 16.0 1.0 15.5
v 16.0 1.0 15.0
v 15.5 0 15.5
v 15.5 0 15.0
v 15.5 1.0 15.0
v 15.5 1.0 15.5
v 0.0 1.0 15.5
v 0.5 1.0 15.5
v 0.5 1.0 16.0
v 0.0 1.0 16.0
v 0.0 0 16.0
v 0.5 0 16.0
v 0.5 0 15.5
v 0.0 0 15.5
v 0.5 0 16.0
v 0.0 0 16.0
v 0.0 1.0 16.0
v 0.5 1.0 16.0
v 0.0 0 16.0
v 0.0 0 15.5
v 0.0 1.0 15.5
v 0.0 1.0 16.0
v 0.5 1.0 15.5
v 1.0 1.0 15.5
v 1.0 1.0 16.0
v 0.5 1.0 16.0
v 0.5 0 16.0
v 1.0 0 16.0
v 1.0 0 15.5
v 0.5 0 15.5
v 0.5 0 15.5
v 1.0 0 15.5
v 1.0 1.0 15.5
v 0.5 1.0 15.5
v 1.0 0 16.0
v 0.5 0 16.0
v 0.5 1.0 16.0
v 1.0 1.0 16.0
v 1.0 1.0 15.5
v 1.5 1.0 15.5
v 1.5 1.0 16.0
v 1.0 1.0 16.0
v 1.0 0 16.0
v 1.5 0 16.0
v 1.5 0 15.5
v 1.0 0 15.5
v 1.0 0 15.5
v 1.5 0 15.5
v 1.5 1.0 15.5
v 1.0 1.0 15.5
v 1.5 0 16.0
v 1.0 0 16.0
v 1.0 1.0 16.0
v 1.5 1.0 16.0
v 1.5 1.0 15.5
v 2.0 1.0 15.5
v 2.0 1.0 16.0
v 1.5 1.0 16.0
v 1.5 0 16.0
v 2.0 0 16.0
v 2.0 0 15.5
v 1.5 0 15.5
v 1.5 0 15.5
v 2.0 0 15.5
v 2.0 1.0 15.5
v 1.5 1.0 15.5
v 2.0 0 16.0
v 1.5 0 16.0
v 1.5 1.0 16.0
v 2.0 1.0 16.0
v 2.0 1.0 15.5
v 2.5 1.0 15.5
v 2.5 1.0 16.0
v 2.0 1.0 16.0
v 2.0 0 16.0
v 2.5 0 16.0
v 2.5 0 15.5
v 2.0 0 15.5
v 2.0 0 15.5
v 2.5 0 15.5
v 2.5 1.0 15.5
v 2.0 1.0 15.5
v 2.5 0 16.0
v 2.0 0 16.0
v 2.0 1.0 16.0
v 2.5 1.0 16.0
v 2.5 1.0 15.5
v 3.0 1.0 15.5
v 3.0 1.0 16.0
v 2.5 1.0 16.0
v 2.5 0 16.0
v 3.0 0 16.0
v 3.0 0 15.5
v 2.5 0 15.5
v 2.5 0 15.5
v 3.0 0 15.5
v 3.0 1.0 15.5
v 2.5 1.0 15.5
v 3.0 0 16.0
v 2.5 0 16.0
v 2.5 1.0 16.0
v 3.0 1.0 16.0
v 3.0 1.0 15.5
v 3.5 1.0 15.5
v 3.5 1.0 16.0
v 3.0 1.0 16.0
v 3.0 0 16.0
v 3.5 0 16.0
v 3.5 0 15.5
v 3.0 0 15.5
v 3.0 0 15.5
v 3.5 0 15.5
v 3.5 1.0 15.5
v 3.0 1.0 15.5
v 3.5 0 16.0
v 3.0 0 16.0
v 3.0 1.0 16.0
v 3.5 1.0 16.0
v 3.5 1.0 15.5
v 4.0 1.0 15.5
v 4.0 1.0 16.0
v 3.5 1.0 16.0
v 3.5 0 16.0
v 4.0 0 16.0
v 4.0 0 15.5
v 3.5 0 15.5
v 4.0 0 16.0
v 3.5 0 16.0
v 3.5 1.0 16.0
v 4.0 1.0 16.0
v 4.0 1.0 15.5
v 4.5 1.0 15.5
v 4.5 1.0 16.0
v 4.0 1.0 16.0
v 4.0 0 16.0
v 4.5 0 16.0
v 4.5 0 15.5
v 4.0 0 15.5
v 4.0 0 15.5
v 4.5 0 15.5
v 4.5 1.0 15.5
v 4.0 1.0 15.5
v 4.5 0 16.0
v 4.0 0 16.0
v 4.0 1.0 16.0
v 4.5 1.0 16.0
v 4.5 1.0 15.5
v 5.0 1.0 15.5
v 5.0 1.0 16.0
v 4.5 1.0 16.0
v 4.5 0 16.0
v 5.0 0 16.0
v 5.0 0 15.5
v 4.5 0 15.5
v 4.5 0 15.5
v 5.0 0 15.5
v 5.0 1.0 15.5
v 4.5 1.0 15.5
v 5.0 0 16.0
v 4.5 0 16.0
v 4.5 1.0 16.0
v 5.0 1.0 16.0
v 5.0 1.0 15.5
v 5.5 1.0 15.5
v 5.5 1.0 16.0
v 5.0 1.0 16.0
v 5.0 0 16.0
v 5.5 0 16.0
v 5.5 0 15.5
v 5.0 0 15.5
v 5.0 0 15.5
v 5.5 0 15.5
v 5.5 1.0 15.5
v 5.0 1.0 15.5
v 5.5 0 16.0
v 5.0 0 16.0
v 5.0 1.0 16.0
v 5.5 1.0 16.0
v 5.5 1.0 15.5
v 6.0 1.0 15.5
v 6.0 1.0 16.0
v 5.5 1.0 16.0
v 5.5 0 16.0
v 6.0 0 16.0
v 6.0 0 15.5
v 5.5 0 15.5
v 5.5 0 15.5
v 6.0 0 15.5
v 6.0 1.0 15.5
v 5.5 1.0 15.5
v 6.0 0 16.0
v 5.5 0 16.0
v 5.5 1.0 16.0
v 6.0 1.0 16.0
v 6.0 1.0 15.5
v 6.5 1.0 15.5
v 6.5 1.0 16.0
v 6.0 1.0 16.0
v 6.0 0 16.0
v 6.5 0 16.0
v 6.5 0 15.5
v 6.0 0 15.5
v 6.0 0 15.5
v 6.5 0 15.5
v 6.5 1.0 15.5
v 6.0 1.0 15.5
v 6.5 0 16.0
v 6.0 0 16.0
v 6.0 1.0 16.0
v 6.5 1.0 16.0
v 6.5 1.0 15.5
v 7.0 1.0 15.5
v 7.0 1.0 16.0
v 6.5 1.0 16.0
v 6.5 0 16.0
v 7.0 0 16.0
v 7.0 0 15.5
v 6.5 0 15.5
v 6.5 0 15.5
v 7.0 0 15.5
v 7.0 1.0 15.5
v 6.5 1.0 15.5
v 7.0 0 16.0
v 6.5 0 16.0
v 6.5 1.0 16.0
v 7.0 1.0 16.0
v 7.0 1.0 15.5
v 7.5 1.0 15.5
v 7.5 1.0 16.0
v 7.0 1.0 16.0
v 7.0 0 16.0
v 7.5 0 16.0
v 7.5 0 15.5
v 7.0 0 15.5
v 7.0 0 15.5
v 7.5 0 15.5
v 7.5 1.0 15.5
v 7.0 1.0 15.5
v 7.5 0 16.0
v 7.0 0 16.0
v 7.0 1.0 16.0
v 7.5 1.0 16.0
v 7.5 1.0 15.5
v 8.0 1.0 15.5
v 8.0 1.0 16.0
v 7.5 1.0 16.0
v 7.5 0 16.0
v 8.0 0 16.0
v 8.0 0 15.5
v 7.5 0 15.5
v 7.5 0 15.5
v 8.0 0 15.5
v 8.0 1.0 15.5
v 7.5 1.0 15.5
v 8.0 0 16.0
v 7.5 0 16.0
v 7.5 1.0 16.0
v 8.0 1.0 16.0
v 8.0 1.0 15.5
v 8.5 1.0 15.5
v 8.5 1.0 16.0
v 8.0 1.0 16.0
v 8.0 0 16.0
v 8.5 0 16.0
v 8.5 0 15.5
v 8.0 0 15.5
v 8.0 0 15.5
v 8.5 0 15.5
v 8.5 1.0 15.5
v 8.0 1.0 15.5
v 8.5 0 16.0
v 8.0 0 16.0
v 8.0 1.0 16.0
v 8.5 1.0 16.0
v 8.5 1.0 15.5
v 9.0 1.0 15.5
v 9.0 1.0 16.0
v 8.5 1.0 16.0
v 8.5 0 16.0
v 9.0 0 16.0
v 9.0 0 15.5
v 8.5 0 15.5
v 8.5 0 15.5
v 9.0 0 15.5
v 9.0 1.0 15.5
v 8.5 1.0 15.5
v 9.0 0 16.0
v 8.5 0 16.0
v 8.5 1.0 16.0
v 9.0 1.0 16.0
v 9.0 1.0 15.5
v 9.5 1.0 15.5
v 9.5 1.0 16.0
v 9.0 1.0 16.0
v 9.0 0 16.0
v 9.5 0 16.0
v 9.5 0 15.5
v 9.0 0 15.5
v 9.0 0 15.5
v 9.5 0 15.5
v 9.5 1.0 15.5
v 9.0 1.0 15.5
v 9.5 0 16.0
v 9.0 0 16.0
v 9.0 1.0 16.0
v 9.5 1.0 16.0
v 9.5 1.0 15.5
v 10.0 1.0 15.5
v 10.0 1.0 16.0
v 9.5 1.0 16.0
v 9.5 0 16.0
v 10.0 0 16.0
v 10.0 0 15.5
v 9.5 0 15.5
v 9.5 0 15.5
v 10.0 0 15.5
v 10.0 1.0 15.5
v 9.5 1.0 15.5
v 10.0 0 16.0
v 9.5 0 16.0
v 9.5 1.0 16.0
v 10.0 1.0 16.0
v 10.0 1.0 15.5
v 10.5 1.0 15.5
v 10.5 1.0 16.0
v 10.0 1.0 16.0
v 10.0 0 16.0
v 10.5 0 16.0
v 10.5 0 15.5
v 10.0 0 15.5
v 10.0 0 15.5
v 10.5 0 15.5
v 10.5 1.0 15.5
v 10.0 1.0 15.5
v 10.5 0 16.0
v 10.0 0 16.0
v 10.0 1.0 16.0
v 10.5 1.0 16.0
v 10.5 1.0 15.5
v 11.0 1.0 15.5
v 11.0 1.0 16.0
v 10.5 1.0 16.0
v 10.5 0 16.0
v 11.0 0 16.0
v 11.0 0 15.5
v 10.5 0 15.5
v 10.5 0 15.5
v 11.0 0 15.5
v 11.0 1.0 15.5
v 10.5 1.0 15.5
v 11.0 0 16.0
v 10.5 0 16.0
v 10.5 1.0 16.0
v 11.0 1.0 16.0
v 11.0 1.0 15.5
v 11.5 1.0 15.5
v 11.5 1.0 16.0
v 11.0 1.0 16.0
v 11.0 0 16.0
v 11.5 0 16.0
v 11.5 0 15.5
v 11.0 0 15.5
v 11.0 0 15.5
v 11.5 0 15.5
v 11.5 1.0 15.5
v 11.0 1.0 15.5
v 11.5 0 16.0
v 11.0 0 16.0
v 11.0 1.0 16.0
v 11.5 1.0 16.0
v 11.5 1.0 15.5
v 12.0 1.0 15.5
v 12.0 1.0 16.0
v 11.5 1.0 16.0
v 11.5 0 16.0
v 12.0 0 16.0
v 12.0 0 15.5
v 11.5 0 15.5
v 11.5 0 15.5
v 12.0 0 15.5
v 12.0 1.0 15.5
v 11.5 1.0 15.5
v 12.0 0 16.0
v 11.5 0 16.0
v 11.5 1.0 16.0
v 12.0 1.0 16.0
v 12.0 1.0 15.5
v 12.5 1.0 15.5
v 12.5 1.0 16.0
v 12.0 1.0 16.0
v 12.0 0 16.0
v 12.5 0 16.0
v 12.5 0 15.5
v 12.0 0 15.5
v 12.5 0 16.0
v 12.0 0 16.0
v 12.0 1.0 16.0
v 12.5 1.0 16.0
v 12.5 1.0 15.5
v 13.0 1.0 15.5
v 13.0 1.0 16.0
v 12.5 1.0 16.0
v 12.5 0 16.0
v 13.0 0 16.0
v 13.0 0 15.5
v 12.5 0 15.5
v 12.5 0 15.5
v 13.0 0 15.5
v 13.0 1.0 15.5
v 12.5 1.0 15.5
v 13.0 0 16.0
v 12.5 0 16.0
v 12.5 1.0 16.0
v 13.0 1.0 16.0
v 13.0 1.0 15.5
v 13.5 1.0 15.5
v 13.5 1.0 16.0
v 13.0 1.0 16.0
v 13.0 0 16.0
v 13.5 0 16.0
v 13.5 0 15.5
v 13.0 0 15.5
v 13.0 0 15.5
v 13.5 0 15.5
v 13.5 1.0 15.5
v 13.0 1.0 15.5
v 13.5 0 16.0
v 13.0 0 16.0
v 13.0 1.0 16.0
v 13.5 1.0 16.0
v 13.5 1.0 15.5
v 14.0 1.0 15.5
v 14.0 1.0 16.0
v 13.5 1.0 16.0
v 13.5 0 16.0
v 14.0 0 16.0
v 14.0 0 15.5
v 13.5 0 15.5
v 13.5 0 15.5
v 14.0 0 15.5
v 14.0 1.0 15.5
v 13.5 1.0 15.5
v 14.0 0 16.0
v 13.5 0 16.0
v 13.5 1.0 16.0
v 14.0 1.0 16.0
v 14.0 1.0 15.5
v 14.5 1.0 15.5
v 14.5 1.0 16.0
v 14.0 1.0 16.0
v 14.0 0 16.0
v 14.5 0 16.0
v 14.5 0 15.5
v 14.0 0 15.5
v 14.0 0 15.5
v 14.5 0 15.5
v 14.5 1.0 15.5
v 14.0 1.0 15.5
v 14.5 0 16.0
v 14.0 0 16.0
v 14.0 1.0 16.0
v 14.5 1.0 16.0
v 14.5 1.0 15.5
v 15.0 1.0 15.5
v 15.0 1.0 16.0
v 14.5 1.0 16.0
v 14.5 0 16.0
v 15.0 0 16.0
v 15.0 0 15.5
v 14.5 0 15.5
v 14.5 0 15.5
v 15.0 0 15.5
v 15.0 1.0 15.5
v 14.5 1.0 15.5
v 15.0 0 16.0
v 14.5 0 16.0
v 14.5 1.0 16.0
v 15.0 1.0 16.0
v 15.0 1.0 15.5
v 15.5 1.0 15.5
v 15.5 1.0 16.0
v 15.0 1.0 16.0
v 15.0 0 16.0
v 15.5 0 16.0
v 15.5 0 15.5
v 15.0 0 15.5
v 15.0 0 15.5
v 15.5 0 15.5
v 15.5 1.0 15.5
v 15.0 1.0 15.5
v 15.5 0 16.0
v 15.0 0 16.0
v 15.0 1.0 16.0
v 15.5 1.0 16.0
v 15.5 1.0 15.5
v 16.0 1.0 15.5
v 16.0 1.0 16.0
v 15.5 1.0 16.0
v 15.5 0 16.0
v 16.0 0 16.0
v 16.0 0 15.5
v 15.5 0 15.5
v 16.0 0 15.5
v 16.0 0 16.0
v 16.0 1.0 16.0
v 16.0 1.0 15.5
v 16.0 0 16.0
v 15.5 0 16.0
v 15.5 1.0 16.0
v 16.0 1.0 16.0
v 0 0 0
v 16.0 0 0
v 16.0 0 16.0
v 0 0 16.0
vn 0.0 -1.0 0.0
vn -0.0 1.0 0.0
vn 0.0 0.0 1.0
vn 1.0 0.0 0.0
vn 0.0 -1.0 0.0
vn -0.0 1.0 0.0
vn 0.0 0.0 1.0
vn 0.0 0.0 -1.0
vn 0.0 -1.0 0.0
vn -0.0 1.0 0.0
vn 0.0 0.0 1.0
vn 0.0 0.0 -1.0
vn 0.0 -1.0 0.0
vn -0.0 1.0 0.0
vn 0.0 0.0 1.0
vn 0.0 0.0 -1.0
vn 0.0 -1.0 0.0
vn -0.0 1.0 0.0
vn 0.0 0.0 1.0
vn 0.0 0.0 -1.0
vn 0.0 -1.0 0.0
vn -0.0 1.0 0.0
vn 0.0 0.0 1.0
vn 0.0 0.0 -1.0
vn 0.0 -1.0 0.0
vn -0.0 1.0 0.0
vn 0.0 0.0 1.0
vn 0.0 0.0 -1.0
vn 0.0 -1.0 0.0
vn -0.0 1.0 0.0
vn 0.0 0.0 1.0
vn 0.0 0.0 -1.0
vn 0.0 -1.0 0.0
vn -0.0 1.0 0.0
vn 0.0 0.0 1.0
vn 0.0 0.0 -1.0
vn 0.0 -1.0 0.0
vn -0.0 1.0 0.0
vn 0.0 0.0 1.0
vn 0.0 0.0 -1.0
vn 0.0 -1.0 0.0
vn -0.0 1.0 0.0
vn 0.0 0.0 1.0
vn 0.0 0.0 -1.0
vn 0.0 -1.0 0.0
vn -0.0 1.0 0.0
vn 0.0 0.0 1.0
vn 0.0 0.0 -1.0
vn 0.0 -1.0 0.0
vn -0.0 1.0 0.0
vn 0.0 0.0 1.0
vn 0.0 0.0 -1.0
vn 0.0 -1.0 0.0
vn -0.0 1.0 0.0
vn 0.0 0.0 1.0
vn 0.0 0.0 -1.0
vn 0.0 -1.0 0.0
vn -0.0 1.0 0.0
vn 0.0 0.0 1.0
vn 0.0 0.0 -1.0
vn 0.0 -1.0 0.0
vn -0.0 1.0 0.0
vn 0.0 0.0 1.0
vn 0.0 0.0 -1.0
vn 0.0 -1.0 0.0
vn -0.0 1.0 0.0
vn 0.0 0.0 1.0
vn 0.0 0.0 -1.0
vn 0.0 -1.0 0.0
vn -0.0 1.0 0.0
vn 0.0 0.0 1.0
vn 0.0 0.0 -1.0
vn 0.0 -1.0 0.0
vn -0.0 1.0 0.0
vn 0.0 0.0 1.0
vn 0.0 0.0 -1.0
vn 0.0 -1.0 0.0
vn -0.0 1.0 0.0
vn 0.0 0.0 1.0
vn 0.0 0.0 -1.0
vn 0.0 -1.0 0.0
vn -0.0 1.0 0.0
vn 0.0 0.0 1.0
vn 0.0 0.0 -1.0
vn 0.0 -1.0 0.0
vn -0.0 1.0 0.0
vn 0.0 0.0 1.0
vn 0.0 0.0 -1.0
vn 0.0 -1.0 0.0
vn -0.0 1.0 0.0
vn 0.0 0.0 1.0
vn 0.0 0.0 -1.0
vn 0.0 -1.0 0.0
vn -0.0 1.0 0.0
vn 0.0 0.0 1.0
vn 0.0 0.0 -1.0
vn 0.0 -1.0 0.0
vn -0.0 1.0 0.0
vn 0.0 0.0 1.0
vn 0.0 -1.0 0.0
vn -0.0 1.0 0.0
vn 0.0 0.0 1.0
vn 0.0 0.0 -1.0
vn 0.0 -1.0 0.0
vn -0.0 1.0 0.0
vn 0.0 0.0 1.0
vn 0.0 0.0 -1.0
vn 0.0 -1.0 0.0
vn -0.0 1.0 0.0
vn 0.0 0.0 1.0
vn 0.0 0.0 -1.0
vn 0.0 -1.0 0.0
vn -0.0 1.0 0.0
vn 0.0 0.0 1.0
vn 0.0 0.0 -1.0
vn 0.0 -1.0 0.0
vn -0.0 1.0 0.0
vn 0.0 0.0 1.0
vn 0.0 0.0 -1.0
vn 0.0 -1.0 0.0
vn -0.0 1.0 0.0
vn 0.0 0.0 1.0
vn 0.0 0.0 -1.0
vn 0.0 -1.0 0.0
vn -0.0 1.0 0.0
vn 0.0 0.0 1.0
vn -1.0 0.0 0.0
vn 0.0 -1.0 0.0
vn -0.0 1.0 0.0
vn -1.0 0.0 0.0
vn 1.0 0.0 0.0
vn 0.0 -1.0 0.0
vn -0.0 1.0 0.0
vn -1.0 0.0 0.0
vn 1.0 0.0 0.0
vn 0.0 -1.0 0.0
vn -0.0 1.0 0.0
vn -1.0 0.0 0.0
vn 1.0 0.0 0.0
vn 0.0 -1.0 0.0
vn -0.0 1.0 0.0
vn -1.0 0.0 0.0
vn 1.0 0.0 0.0
vn 0.0 -1.0 0.0
vn -0.0 1.0 0.0
vn -1.0 0.0 0.0
vn 1.0 0.0 0.0
vn 0.0 -1.0 0.0
vn -0.0 1.0 0.0
vn -1.0 0.0 0.0
vn 1.0 0.0 0.0
vn 0.0 -1.0 0.0
vn -0.0 1.0 0.0
vn -1.0 0.0 0.0
vn 1.0 0.0 0.0
vn 0.0 -1.0 0.0
vn -0.0 1.0 0.0
vn -1.0 0.0 0.0
vn 1.0 0.0 0.0
vn 0.0 -1.0 0.0
vn -0.0 1.0 0.0
vn -1.0 0.0 0.0
vn 1.0 0.0 0.0
vn 0.0 -1.0 0.0
vn -0.0 1.0 0.0
vn -1.0 0.0 0.0
vn 1.0 0.0 0.0
vn 0.0 -1.0 0.0
vn -0.0 1.0 0.0
vn -1.0 0.0 0.0
vn 1.0 0.0 0.0
vn 0.0 -1.0 0.0
vn -0.0 1.0 0.0
vn -1.0 0.0 0.0
vn 1.0 0.0 0.0
vn 0.0 -1.0 0.0
vn -0.0 1.0 0.0
vn -1.0 0.0 0.0
vn 1.0 0.0 0.0
vn 0.0 -1.0 0.0
vn -0.0 1.0 0.0
vn -1.0 0.0 0.0
vn 1.0 0.0 0.0
vn 0.0 -1.0 0.0
vn -0.0 1.0 0.0
vn -1.0 0.0 0.0
vn 1.0 0.0 0.0
vn 0.0 -1.0 0.0
vn -0.0 1.0 0.0
vn -1.0 0.0 0.0
vn 1.0 0.0 0.0
vn 0.0 -1.0 0.0
vn -0.0 1.0 0.0
vn -1.0 0.0 0.0
vn 1.0 0.0 0.0
vn 0.0 -1.0 0.0
vn -0.0 1.0 0.0
vn -1.0 0.0 0.0
vn 1.0 0.0 0.0
vn 0.0 -1.0 0.0
vn -0.0 1.0 0.0
vn 1.0 0.0 0.0
vn 0.0 -1.0 0.0
vn -0.0 1.0 0.0
vn 0.0 0.0 1.0
vn 0.0 0.0 -1.0
vn 0.0 -1.0 0.0
vn -0.0 1.0 0.0
vn 0.0 0.0 1.0
vn 0.0 0.0 -1.0
vn 0.0 -1.0 0.0
vn -0.0 1.0 0.0
vn 0.0 0.0 1.0
vn 0.0 0.0 -1.0
vn 0.0 -1.0 0.0
vn -0.0 1.0 0.0
vn 0.0 0.0 1.0
vn 0.0 0.0 -1.0
vn 0.0 -1.0 0.0
vn -0.0 1.0 0.0
vn 0.0 0.0 1.0
vn 0.0 0.0 -1.0
vn 0.0 -1.0 0.0
vn -0.0 1.0 0.0
vn 0.0 0.0 1.0
vn 0.0 0.0 -1.0
vn 0.0 -1.0 0.0
vn -0.0 1.0 0.0
vn 0.0 0.0 1.0
vn 0.0 -1.0 0.0
vn -0.0 1.0 0.0
vn 0.0 0.0 1.0
vn 0.0 0.0 -1.0
vn 0.0 -1.0 0.0
vn -0.0 1.0 0.0
vn 0.0 0.0 1.0
vn 0.0 0.0 -1.0
vn 0.0 -1.0 0.0
vn -0.0 1.0 0.0
vn 0.0 0.0 1.0
vn 0.0 0.0 -1.0
vn 0.0 -1.0 0.0
vn -0.0 1.0 0.0
vn 0.0 0.0 1.0
vn 0.0 0.0 -1.0
vn 0.0 -1.0 0.0
vn -0.0 1.0 0.0
vn 0.0 0.0 1.0
vn 0.0 0.0 -1.0
vn 0.0 -1.0 0.0
vn -0.0 1.0 0.0
vn 0.0 0.0 1.0
vn 0.0 0.0 -1.0
vn 0.0 -1.0 0.0
vn -0.0 1.0 0.0
vn 0.0 0.0 1.0
vn 0.0 0.0 -1.0
vn 0.0 -1.0 0.0
vn -0.0 1.0 0.0
vn 0.0 0.0 1.0
vn 0.0 0.0 -1.0
vn 0.0 -1.0 0.0
vn -0.0 1.0 0.0
vn 0.0 0.0 1.0
vn 0.0 0.0 -1.0
vn 0.0 -1.0 0.0
vn -0.0 1.0 0.0
vn 0.0 0.0 1.0
vn 0.0 0.0 -1.0
vn 0.0 -1.0 0.0
vn -0.0 1.0 0.0
vn 0.0 0.0 1.0
vn -1.0 0.0 0.0
vn 0.0 0.0 -1.0
vn 0.0 -1.0 0.0
vn -0.0 1.0 0.0
vn -1.0 0.0 0.0
vn 0.0 0.0 -1.0
vn 1.0 0.0 0.0
vn 0.0 -1.0 0.0
vn -0.0 1.0 0.0
vn 0.0 0.0 1.0
vn 0.0 0.0 -1.0
vn 1.0 0.0 0.0
vn 0.0 -1.0 0.0
vn -0.0 1.0 0.0
vn 0.0 0.0 1.0
vn 0.0 0.0 -1.0
vn 0.0 -1.0 0.0
vn -0.0 1.0 0.0
vn 0.0 0.0 1.0
vn 0.0 0.0 -1.0
vn 0.0 -1.0 0.0
vn -0.0 1.0 0.0
vn -1.0 0.0 0.0
vn 0.0 -1.0 0.0
vn -0.0 1.0 0.0
vn -1.0 0.0 0.0
vn 1.0 0.0 0.0
vn 0.0 -1.0 0.0
vn -0.0 1.0 0.0
vn -1.0 0.0 0.0
vn 1.0 0.0 0.0
vn 0.0 -1.0 0.0
vn -0.0 1.0 0.0
vn -1.0 0.0 0.0
vn 1.0 0.0 0.0
vn 0.0 -1.0 0.0
vn -0.0 1.0 0.0
vn -1.0 0.0 0.0
vn 1.0 0.0 0.0
vn 0.0 -1.0 0.0
vn -0.0 1.0 0.0
vn -1.0 0.0 0.0
vn 1.0 0.0 0.0
vn 0.0 -1.0 0.0
vn -0.0 1.0 0.0
vn -1.0 0.0 0.0
vn 1.0 0.0 0.0
vn 0.0 -1.0 0.0
vn -0.0 1.0 0.0
vn -1.0 0.0 0.0
vn 1.0 0.0 0.0
vn 0.0 -1.0 0.0
vn -0.0 1.0 0.0
vn -1.0 0.0 0.0
vn 1.0 0.0 0.0
vn 0.0 -1.0 0.0
vn -0.0 1.0 0.0
vn -1.0 0.0 0.0
vn 1.0 0.0 0.0
vn 0.0 -1.0 0.0
vn -0.0 1.0 0.0
vn -1.0 0.0 0.0
vn 1.0 0.0 0.0
vn 0.0 -1.0 0.0
vn -0.0 1.0 0.0
vn -1.0 0.0 0.0
vn 1.0 0.0 0.0
vn 0.0 -1.0 0.0
vn -0.0 1.0 0.0
vn 0.0 0.0 1.0
vn -1.0 0.0 0.0
vn 1.0 0.0 0.0
vn 0.0 -1.0 0.0
vn -0.0 1.0 0.0
vn -1.0 0.0 0.0
vn 1.0 0.0 0.0
vn 0.0 -1.0 0.0
vn -0.0 1.0 0.0
vn -1.0 0.0 0.0
vn 1.0 0.0 0.0
vn 0.0 -1.0 0.0
vn -0.0 1.0 0.0
vn -1.0 0.0 0.0
vn 1.0 0.0 0.0
vn 0.0 -1.0 0.0
vn -0.0 1.0 0.0
vn -1.0 0.0 0.0
vn 1.0 0.0 0.0
vn 0.0 -1.0 0.0
vn -0.0 1.0 0.0
vn -1.0 0.0 0.0
vn 1.0 0.0 0.0
vn 0.0 -1.0 0.0
vn -0.0 1.0 0.0
vn -1.0 0.0 0.0
vn 1.0 0.0 0.0
vn 0.0 -1.0 0.0
vn -0.0 1.0 0.0
vn -1.0 0.0 0.0
vn 1.0 0.0 0.0
vn 0.0 -1.0 0.0
vn -0.0 1.0 0.0
vn -1.0 0.0 0.0
vn 1.0 0.0 0.0
vn 0.0 -1.0 0.0
vn -0.0 1.0 0.0
vn -1.0 0.0 0.0
vn 1.0 0.0 0.0
vn 0.0 -1.0 0.0
vn -0.0 1.0 0.0
vn -1.0 0.0 0.0
vn 1.0 0.0 0.0
vn 0.0 -1.0 0.0
vn -0.0 1.0 0.0
vn -1.0 0.0 0.0
vn 1.0 0.0 0.0
vn 0.0 -1.0 0.0
vn -0.0 1.0 0.0
vn -1.0 0.0 0.0
vn 1.0 0.0 0.0
vn 0.0 -1.0 0.0
vn -0.0 1.0 0.0
vn -1.0 0.0 0.0
vn 1.0 0.0 0.0
vn 0.0 -1.0 0.0
vn -0.0 1.0 0.0
vn -1.0 0.0 0.0
vn 1.0 0.0 0.0
vn 0.0 -1.0 0.0
vn -0.0 1.0 0.0
vn -1.0 0.0 0.0
vn 1.0 0.0 0.0
vn 0.0 -1.0 0.0
vn -0.0 1.0 0.0
vn 0.0 0.0 1.0
vn 0.0 0.0 -1.0
vn 1.0 0.0 0.0
vn 0.0 -1.0 0.0
vn -0.0 1.0 0.0
vn 0.0 0.0 1.0
vn 0.0 0.0 -1.0
vn 0.0 -1.0 0.0
vn -0.0 1.0 0.0
vn 0.0 0.0 1.0
vn 0.0 0.0 -1.0
vn 0.0 -1.0 0.0
vn -0.0 1.0 0.0
vn 0.0 0.0 1.0
vn 0.0 0.0 -1.0
vn 0.0 -1.0 0.0
vn -0.0 1.0 0.0
vn 0.0 0.0 1.0
vn 0.0 0.0 -1.0
vn 0.0 -1.0 0.0
vn -0.0 1.0 0.0
vn 0.0 0.0 1.0
vn 0.0 0.0 -1.0
vn 0.0 -1.0 0.0
vn -0.0 1.0 0.0
vn 0.0 0.0 1.0
vn 0.0 0.0 -1.0
vn 0.0 -1.0 0.0
vn -0.0 1.0 0.0
vn 0.0 0.0 1.0
vn 0.0 0.0 -1.0
vn 0.0 -1.0 0.0
vn -0.0 1.0 0.0
vn 0.0 0.0 1.0
vn 0.0 0.0 -1.0
vn 0.0 -1.0 0.0
vn -0.0 1.0 0.0
vn 0.0 0.0 1.0
vn 0.0 0.0 -1.0
vn 0.0 -1.0 0.0
vn -0.0 1.0 0.0
vn 0.0 0.0 1.0
vn 0.0 0.0 -1.0
vn 0.0 -1.0 0.0
vn -0.0 1.0 0.0
vn -1.0 0.0 0.0
vn 0.0 -1.0 0.0
vn -0.0 1.0 0.0
vn -1.0 0.0 0.0
vn 1.0 0.0 0.0
vn 0.0 -1.0 0.0
vn -0.0 1.0 0.0
vn -1.0 0.0 0.0
vn 1.0 0.0 0.0
vn 0.0 -1.0 0.0
vn -0.0 1.0 0.0
vn -1.0 0.0 0.0
vn 1.0 0.0 0.0
vn 0.0 -1.0 0.0
vn -0.0 1.0 0.0
vn -1.0 0.0 0.0
vn 1.0 0.0 0.0
vn 0.0 -1.0 0.0
vn -0.0 1.0 0.0
vn -1.0 0.0 0.0
vn 1.0 0.0 0.0
vn 0.0 -1.0 0.0
vn -0.0 1.0 0.0
vn -1.0 0.0 0.0
vn 1.0 0.0 0.0
vn 0.0 -1.0 0.0
vn -0.0 1.0 0.0
vn -1.0 0.0 0.0
vn 1.0 0.0 0.0
vn 0.0 -1.0 0.0
vn -0.0 1.0 0.0
vn -1.0 0.0 0.0
vn 1.0 0.0 0.0
vn 0.0 -1.0 0.0
vn -0.0 1.0 0.0
vn -1.0 0.0 0.0
vn 1.0 0.0 0.0
vn 0.0 -1.0 0.0
vn -0.0 1.0 0.0
vn -1.0 0.0 0.0
vn 1.0 0.0 0.0
vn 0.0 -1.0 0.0
vn -0.0 1.0 0.0
vn -1.0 0.0 0.0
vn 1.0 0.0 0.0
vn 0.0 -1.0 0.0
vn -0.0 1.0 0.0
vn -1.0 0.0 0.0
vn 1.0 0.0 0.0
vn 0.0 -1.0 0.0
vn -0.0 1.0 0.0
vn -1.0 0.0 0.0
vn 1.0 0.0 0.0
vn 0.0 -1.0 0.0
vn -0.0 1.0 0.0
vn -1.0 0.0 0.0
vn 1.0 0.0 0.0
vn 0.0 -1.0 0.0
vn -0.0 1.0 0.0
vn -1.0 0.0 0.0
vn 0.0 0.0 -1.0
vn 1.0 0.0 0.0
vn 0.0 -1.0 0.0
vn -0.0 1.0 0.0
vn -1.0 0.0 0.0
vn 1.0 0.0 0.0
vn 0.0 -1.0 0.0
vn -0.0 1.0 0.0
vn -1.0 0.0 0.0
vn 1.0 0.0 0.0
vn 0.0 -1.0 0.0
vn -0.0 1.0 0.0
vn -1.0 0.0 0.0
vn 1.0 0.0 0.0
vn 0.0 -1.0 0.0
vn -0.0 1.0 0.0
vn -1.0 0.0 0.0
vn 1.0 0.0 0.0
vn 0.0 -1.0 0.0
vn -0.0 1.0 0.0
vn -1.0 0.0 0.0
vn 1.0 0.0 0.0
vn 0.0 -1.0 0.0
vn -0.0 1.0 0.0
vn -1.0 0.0 0.0
vn 1.0 0.0 0.0
vn 0.0 -1.0 0.0
vn -0.0 1.0 0.0
vn -1.0 0.0 0.0
vn 1.0 0.0 0.0
vn 0.0 -1.0 0.0
vn -0.0 1.0 0.0
vn -1.0 0.0 0.0
vn 1.0 0.0 0.0
vn 0.0 -1.0 0.0
vn -0.0 1.0 0.0
vn -1.0 0.0 0.0
vn 1.0 0.0 0.0
vn 0.0 -1.0 0.0
vn -0.0 1.0 0.0
vn -1.0 0.0 0.0
vn 1.0 0.0 0.0
vn 0.0 -1.0 0.0
vn -0.0 1.0 0.0
vn -1.0 0.0 0.0
vn 1.0 0.0 0.0
vn 0.0 -1.0 0.0
vn -0.0 1.0 0.0
vn 1.0 0.0 0.0
vn 0.0 -1.0 0.0
vn -0.0 1.0 0.0
vn 0.0 0.0 1.0
vn 0.0 0.0 -1.0
vn 0.0 -1.0 0.0
vn -0.0 1.0 0.0
vn 0.0 0.0 1.0
vn 0.0 0.0 -1.0
vn 0.0 -1.0 0.0
vn -0.0 1.0 0.0
vn 0.0 0.0 1.0
vn 0.0 0.0 -1.0
vn 0.0 -1.0 0.0
vn -0.0 1.0 0.0
vn 0.0 0.0 1.0
vn 0.0 0.0 -1.0
vn 0.0 -1.0 0.0
vn -0.0 1.0 0.0
vn 0.0 0.0 1.0
vn 0.0 0.0 -1.0
vn 0.0 -1.0 0.0
vn -0.0 1.0 0.0
vn 0.0 0.0 1.0
vn 0.0 0.0 -1.0
vn 0.0 -1.0 0.0
vn -0.0 1.0 0.0
vn 0.0 0.0 1.0
vn 0.0 -1.0 0.0
vn -0.0 1.0 0.0
vn 0.0 0.0 1.0
vn 0.0 0.0 -1.0
vn 0.0 -1.0 0.0
vn -0.0 1.0 0.0
vn 0.0 0.0 1.0
vn 0.0 0.0 -1.0
vn 0.0 -1.0 0.0
vn -0.0 1.0 0.0
vn 0.0 0.0 1.0
vn 0.0 0.0 -1.0
vn 0.0 -1.0 0.0
vn -0.0 1.0 0.0
vn 0.0 0.0 1.0
vn 0.0 0.0 -1.0
vn 0.0 -1.0 0.0
vn -0.0 1.0 0.0
vn 0.0 0.0 1.0
vn 0.0 0.0 -1.0
vn 0.0 -1.0 0.0
vn -0.0 1.0 0.0
vn 0.0 0.0 1.0
vn -1.0 0.0 0.0
vn 0.0 0.0 -1.0
vn 0.0 -1.0 0.0
vn -0.0 1.0 0.0
vn 0.0 0.0 1.0
vn 0.0 0.0 -1.0
vn 1.0 0.0 0.0
vn 0.0 -1.0 0.0
vn -0.0 1.0 0.0
vn 0.0 0.0 1.0
vn 0.0 0.0 -1.0
vn 0.0 -1.0 0.0
vn -0.0 1.0 0.0
vn 0.0 0.0 1.0
vn 0.0 0.0 -1.0
vn 0.0 -1.0 0.0
vn -0.0 1.0 0.0
vn 0.0 0.0 1.0
vn 0.0 0.0 -1.0
vn 0.0 -1.0 0.0
vn -0.0 1.0 0.0
vn 0.0 0.0 1.0
vn 0.0 0.0 -1.0
vn 0.0 -1.0 0.0
vn -0.0 1.0 0.0
vn 0.0 0.0 1.0
vn 0.0 0.0 -1.0
vn 0.0 -1.0 0.0
vn -0.0 1.0 0.0
vn 0.0 -1.0 0.0
vn -0.0 1.0 0.0
vn 0.0 0.0 1.0
vn 0.0 0.0 -1.0
vn 0.0 -1.0 0.0
vn -0.0 1.0 0.0
vn 0.0 0.0 1.0
vn 0.0 0.0 -1.0
vn 0.0 -1.0 0.0
vn -0.0 1.0 0.0
vn 0.0 0.0 1.0
vn 0.0 0.0 -1.0
vn 0.0 -1.0 0.0
vn -0.0 1.0 0.0
vn 0.0 0.0 1.0
vn 0.0 0.0 -1.0
vn 0.0 -1.0 0.0
vn -0.0 1.0 0.0
vn 0.0 0.0 1.0
vn 0.0 0.0 -1.0
vn 0.0 -1.0 0.0
vn -0.0 1.0 0.0
vn 0.0 0.0 1.0
vn 0.0 0.0 -1.0
vn 0.0 -1.0 0.0
vn -0.0 1.0 0.0
vn -1.0 0.0 0.0
vn 0.0 -1.0 0.0
vn -0.0 1.0 0.0
vn -1.0 0.0 0.0
vn 1.0 0.0 0.0
vn 0.0 -1.0 0.0
vn -0.0 1.0 0.0
vn -1.0 0.0 0.0
vn 1.0 0.0 0.0
vn 0.0 -1.0 0.0
vn -0.0 1.0 0.0
vn -1.0 0.0 0.0
vn 1.0 0.0 0.0
vn 0.0 -1.0 0.0
vn -0.0 1.0 0.0
vn -1.0 0.0 0.0
vn 1.0 0.0 0.0
vn 0.0 -1.0 0.0
vn -0.0 1.0 0.0
vn -1.0 0.0 0.0
vn 1.0 0.0 0.0
vn 0.0 -1.0 0.0
vn -0.0 1.0 0.0
vn -1.0 0.0 0.0
vn 1.0 0.0 0.0
vn 0.0 -1.0 0.0
vn -0.0 1.0 0.0
vn -1.0 0.0 0.0
vn 1.0 0.0 0.0
vn 0.0 -1.0 0.0
vn -0.0 1.0 0.0
vn -1.0 0.0 0.0
vn 1.0 0.0 0.0
vn 0.0 -1.0 0.0
vn -0.0 1.0 0.0
vn -1.0 0.0 0.0
vn 1.0 0.0 0.0
vn 0.0 -1.0 0.0
vn -0.0 1.0 0.0
vn -1.0 0.0 0.0
vn 0.0 0.0 -1.0
vn 1.0 0.0 0.0
vn 0.0 -1.0 0.0
vn -0.0 1.0 0.0
vn -1.0 0.0 0.0
vn 0.0 0.0 -1.0
vn 1.0 0.0 0.0
vn 0.0 -1.0 0.0
vn -0.0 1.0 0.0
vn -1.0 0.0 0.0
vn 1.0 0.0 0.0
vn 0.0 -1.0 0.0
vn -0.0 1.0 0.0
vn -1.0 0.0 0.0
vn 1.0 0.0 0.0
vn 0.0 -1.0 0.0
vn -0.0 1.0 0.0
vn -1.0 0.0 0.0
vn 1.0 0.0 0.0
vn 0.0 -1.0 0.0
vn -0.0 1.0 0.0
vn -1.0 0.0 0.0
vn 1.0 0.0 0.0
vn 0.0 -1.0 0.0
vn -0.0 1.0 0.0
vn -1.0 0.0 0.0
vn 1.0 0.0 0.0
vn 0.0 -1.0 0.0
vn -0.0 1.0 0.0
vn -1.0 0.0 0.0
vn 1.0 0.0 0.0
vn 0.0 -1.0 0.0
vn -0.0 1.0 0.0
vn -1.0 0.0 0.0
vn 1.0 0.0 0.0
vn 0.0 -1.0 0.0
vn -0.0 1.0 0.0
vn -1.0 0.0 0.0
vn 1.0 0.0 0.0
vn 0.0 -1.0 0.0
vn -0.0 1.0 0.0
vn 0.0 0.0 1.0
vn -1.0 0.0 0.0
vn 1.0 0.0 0.0
vn 0.0 -1.0 0.0
vn -0.0 1.0 0.0
vn 0.0 0.0 1.0
vn -1.0 0.0 0.0
vn 1.0 0.0 0.0
vn 0.0 -1.0 0.0
vn -0.0 1.0 0.0
vn -1.0 0.0 0.0
vn 1.0 0.0 0.0
vn 0.0 -1.0 0.0
vn -0.0 1.0 0.0
vn 0.0 0.0 -1.0
vn 1.0 0.0 0.0
vn 0.0 -1.0 0.0
vn -0.0 1.0 0.0
vn 0.0 0.0 1.0
vn 0.0 0.0 -1.0
vn 0.0 -1.0 0.0
vn -0.0 1.0 0.0
vn 0.0 0.0 1.0
vn 0.0 0.0 -1.0
vn 0.0 -1.0 0.0
vn -0.0 1.0 0.0
vn 0.0 0.0 1.0
vn 0.0 0.0 -1.0
vn 0.0 -1.0 0.0
vn -0.0 1.0 0.0
vn 0.0 0.0 1.0
vn 0.0 0.0 -1.0
vn 0.0 -1.0 0.0
vn -0.0 1.0 0.0
vn 0.0 0.0 1.0
vn 0.0 0.0 -1.0
vn 0.0 -1.0 0.0
vn -0.0 1.0 0.0
vn 0.0 0.0 1.0
vn 0.0 0.0 -1.0
vn 0.0 -1.0 0.0
vn -0.0 1.0 0.0
vn 0.0 0.0 -1.0
vn 0.0 -1.0 0.0
vn -0.0 1.0 0.0
vn 0.0 0.0 1.0
vn 0.0 0.0 -1.0
vn 0.0 -1.0 0.0
vn -0.0 1.0 0.0
vn 0.0 0.0 1.0
vn 0.0 0.0 -1.0
vn 0.0 -1.0 0.0
vn -0.0 1.0 0.0
vn 0.0 0.0 1.0
vn 0.0 0.0 -1.0
vn 0.0 -1.0 0.0
vn -0.0 1.0 0.0
vn 0.0 0.0 1.0
vn 0.0 0.0 -1.0
vn 0.0 -1.0 0.0
vn -0.0 1.0 0.0
vn 0.0 0.0 1.0
vn 0.0 0.0 -1.0
vn 0.0 -1.0 0.0
vn -0.0 1.0 0.0
vn 0.0 0.0 1.0
vn 0.0 0.0 -1.0
vn 0.0 -1.0 0.0
vn -0.0 1.0 0.0
vn 0.0 0.0 1.0
vn 0.0 0.0 -1.0
vn 0.0 -1.0 0.0
vn -0.0 1.0 0.0
vn 0.0 0.0 1.0
vn 0.0 0.0 -1.0
vn 0.0 -1.0 0.0
vn -0.0 1.0 0.0
vn 0.0 0.0 1.0
vn 0.0 0.0 -1.0
vn 0.0 -1.0 0.0
vn -0.0 1.0 0.0
vn 0.0 0.0 1.0
vn 0.0 0.0 -1.0
vn 0.0 -1.0 0.0
vn -0.0 1.0 0.0
vn 0.0 0.0 1.0
vn 0.0 0.0 -1.0
vn 0.0 -1.0 0.0
vn -0.0 1.0 0.0
vn 0.0 0.0 1.0
vn 0.0 0.0 -1.0
vn 0.0 -1.0 0.0
vn -0.0 1.0 0.0
vn 0.0 0.0 1.0
vn 0.0 0.0 -1.0
vn 0.0 -1.0 0.0
vn -0.0 1.0 0.0
vn 0.0 0.0 1.0
vn 0.0 0.0 -1.0
vn 0.0 -1.0 0.0
vn -0.0 1.0 0.0
vn 0.0 0.0 1.0
vn 0.0 0.0 -1.0
vn 0.0 -1.0 0.0
vn -0.0 1.0 0.0
vn 0.0 0.0 1.0
vn 0.0 0.0 -1.0
vn 0.0 -1.0 0.0
vn -0.0 1.0 0.0
vn 0.0 0.0 -1.0
vn 0.0 -1.0 0.0
vn -0.0 1.0 0.0
vn 0.0 0.0 1.0
vn 0.0 0.0 -1.0
vn 0.0 -1.0 0.0
vn -0.0 1.0 0.0
vn 0.0 0.0 1.0
vn 0.0 0.0 -1.0
vn 0.0 -1.0 0.0
vn -0.0 1.0 0.0
vn 0.0 0.0 1.0
vn 0.0 0.0 -1.0
vn 0.0 -1.0 0.0
vn -0.0 1.0 0.0
vn 0.0 0.0 1.0
vn 0.0 0.0 -1.0
vn 0.0 -1.0 0.0
vn -0.0 1.0 0.0
vn 0.0 0.0 1.0
vn 0.0 0.0 -1.0
vn 0.0 -1.0 0.0
vn -0.0 1.0 0.0
vn 0.0 0.0 1.0
vn 0.0 0.0 -1.0
vn 0.0 -1.0 0.0
vn -0.0 1.0 0.0
vn -1.0 0.0 0.0
vn 0.0 0.0 -1.0
vn 0 1 0
f 3//1 2//1 1//1
f 4//1 3//1 1//1
f 7//2 6//2 5//2
f 8//2 7//2 5//2
f 11//3 10//3 9//3
f 12//3 11//3 9//3
f 15//4 14//4 13//4
f 16//4 15//4 13//4
f 19//5 18//5 17//5
f 20//5 19//5 17//5
f 23//6 22//6 21//6
f 24//6 23//6 21//6
f 27//7 26//7 25//7
f 28//7 27//7 25//7
f 31//8 30//8 29//8
f 32//8 31//8 29//8
f 35//9 34//9 33//9
f 36//9 35//9 33//9
f 39//10 38//10 37//10
f 40//10 39//10 37//10
f 43//11 42//11 41//11
f 44//11 43//11 41//11
f 47//12 46//12 45//12
f 48//12 47//12 45//12
f 51//13 50//13 49//13
f 52//13 51//13 49//13
f 55//14 54//14 53//14
f 56//14 55//14 53//14
f 59//15 58//15 57//15
f 60//15 59//15 57//15
f 63//16 62//16 61//16
f 64//16 63//16 61//16
f 67//17 66//17 65//17
f 68//17 67//17 65//17
f 71//18 70//18 69//18
f 72//18 71//18 69//18
f 75//19 74//19 73//19
f 76//19 75//19 73//19
f 79//20 78//20 77//20
f 80//20 79//20 77//20
f 83//21 82//21 81//21
f 84//21 83//21 81//21
f 87//22 86//22 85//22
f 88//22 87//22 85//22
f 91//23 90//23 89//23
f 92//23 91//23 89//23
f 95//24 94//24 93//24
f 96//24 95//24 93//24
f 99//25 98//25 97//25
f 100//25 99//25 97//25
f 103//26 102//26 101//26
f 104//26 103//26 101//26
f 107//27 106//27 105//27
f 108//27 107//27 105//27
f 111//28 110//28 109//28
f 112//28 111//28 109//28
f 115//29 114//29 113//29
f 116//29 115//29 113//29
f 119//30 118//30 117//30
f 120//30 119//30 117//30
f 123//31 122//31 121//31
f 124//31 123//31 121//31
f 127//32 126//32 125//32
f 128//32 127//32 125//32
f 131//33 130//33 129//33
f 132//33 131//33 129//33
f 135//34 134//34 133//34
f 136//34 135//34 133//34
f 139//35 138//35 137//35
f 140//35 139//35 137//35
f 143//36 142//36 141//36
f 144//36 143//36 141//36
f 147//37 146//37 145//37
f 148//37 147//37 145//37
f 151//38 150//38 149//38
f 152//38 151//38 149//38
f 155//39 154//39 153//39
f 156//39 155//39 153//39
f 159//40 158//40 157//40
f 160//40 159//40 157//40
f 163//41 162//41 161//41
f 164//41 163//41 161//41
f 167//42 166//42 165//42
f 168//42 167//42 165//42
f 171//43 170//43 169//43
f 172//43 171//43 169//43
f 175//44 174//44 173//44
f 176//44 175//44 173//44
f 179//45 178//45 177//45
f 180//45 179//45 177//45
f 183//46 182//46 181//46
f 184//46 183//46 181//46
f 187//47 186//47 185//47
f 188//47 187//47 185//47
f 191//48 190//48 189//48
f 192//48 191//48 189//48
f 195//49 194//49 193//49
f 196//49 195//49 193//49
f 199//50 198//50 197//50
f 200//50 199//50 197//50
f 203//51 202//51 201//51
f 204//51 203//51 201//51
f 207//52 206//52 205//52
f 208//52 207//52 205//52
f 211//53 210//53 209//53
f 212//53 211//53 209//53
f 215//54 214//54 213//54
f 216//54 215//54 213//54
f 219//55 218//55 217//55
f 220//55 219//55 217//55
f 223//56 222//56 221//56
f 224//56 223//56 221//56
f 227//57 226//57 225//57
f 228//57 227//57 225//57
f 231//58 230//58 229//58
f 232//58 231//58 229//58
f 235//59 234//59 233//59
f 236//59 235//59 233//59
f 239//60 238//60 237//60
f 240//60 239//60 237//60
f 243//61 242//61 241//61
f 244//61 243//61 241//61
f 247//62 246//62 245//62
f 248//62 247//62 245//62
f 251//63 250//63 249//63
f 252//63 251//63 249//63
f 255//64 254//64 253//64
f 256//64 255//64 253//64
f 259//65 258//65 257//65
f 260//65 259//65 257//65
f 263//66 262//66 261//66
f 264//66 263//66 261//66
f 267//67 266//67 265//67
f 268//67 267//67 265//67
f 271//68 270//68 269//68
f 272//68 271//68 269//68
f 275//69 274//69 273//69
f 276//69 275//69 273//69
f 279//70 278//70 277//70
f 280//70 279//70 277//70
f 283//71 282//71 281//71
f 284//71 283//71 281//71
f 287//72 286//72 285//72
f 288//72 287//72 285//72
f 291//73 290//73 289//73
f 292//73 291//73 289//73
f 295//74 294//74 293//74
f 296//74 295//74 293//74
f 299//75 298//75 297//75
f 300//75 299//75 297//75
f 303//76 302//76 301//76
f 304//76 303//76 301//76
f 307//77 306//77 305//77
f 308//77 307//77 305//77
f 311//78 310//78 309//78
f 312//78 311//78 309//78
f 315//79 314//79 313//79
f 316//79 315//79 313//79
f 319//80 318//80 317//80
f 320//80 319//80 317//80
f 323//81 322//81 321//81
f 324//81 323//81 321//81
f 327//82 326//82 325//82
f 328//82 327//82 325//82
f 331//83 330//83 329//83
f 332//83 331//83 329//83
f 335//84 334//84 333//84
f 336//84 335//84 333//84
f 339//85 338//85 337//85
f 340//85 339//85 337//85
f 343//86 342//86 341//86
f 344//86 343//86 341//86
f 347//87 346//87 345//87
f 348//87 347//87 345//87
f 351//88 350//88 349//88
f 352//88 351//88 349//88
f 355//89 354//89 353//89
f 356//89 355//89 353//89
f 359//90 358//90 357//90
f 360//90 359//90 357//90
f 363//91 362//91 361//91
f 364//91 363//91 361//91
f 367//92 366//92 365//92
f 368//92 367//92 365//92
f 371//93 370//93 369//93
f 372//93 371//93 369//93
f 375//94 374//94 373//94
f 376//94 375//94 373//94
f 379//95 378//95 377//95
f 380//95 379//95 377//95
f 383//96 382//96 381//96
f 384//96 383//96 381//96
f 387//97 386//97 385//97
f 388//97 387//97 385//97
f 391//98 390//98 389//98
f 392//98 391//98 389//98
f 395//99 394//99 393//99
f 396//99 395//99 393//99
f 399//100 398//100 397//100
f 400//100 399//100 397//100
f 403//101 402//101 401//101
f 404//101 403//101 401//101
f 407//102 406//102 405//102
f 408//102 407//102 405//102
f 411//103 410//103 409//103
f 412//103 411//103 409//103
f 415//104 414//104 413//104
f 416//104 415//104 413//104
f 419//105 418//105 417//105
f 420//105 419//105 417//105
f 423//106 422//106 421//106
f 424//106 423//106 421//106
f 427//107 426//107 425//107
f 428//107 427//107 425//107
f 431//108 430//108 429//108
f 432//108 431//108 429//108
f 435//109 434//109 433//109
f 436//109 435//109 433//109
f 439//110 438//110 437//110
f 440//110 439//110 437//110
f 443//111 442//111 441//111
f 444//111 443//111 441//111
f 447//112 446//112 445//112
f 448//112 447//112 445//112
f 451//113 450//113 449//113
f 452//113 451//113 449//113
f 455//114 454//114 453//114
f 456//114 455//114 453//114
f 459//115 458//115 457//115
f 460//115 459//115 457//115
f 463//116 462//116 461//116
f 464//116 463//116 461//116
f 467//117 466//117 465//117
f 468//117 467//117 465//117
f 471//118 470//118 469//118
f 472//118 471//118 469//118
f 475//119 474//119 473//119
f 476//119 475//119 473//119
f 479//120 478//120 477//120
f 480//120 479//120 477//120
f 483//121 482//121 481//121
f 484//121 483//121 481//121
f 487//122 486//122 485//122
f 488//122 487//122 485//122
f 491//123 490//123 489//123
f 492//123 491//123 489//123
f 495//124 494//124 493//124
f 496//124 495//124 493//124
f 499//125 498//125 497//125
f 500//125 499//125 497//125
f 503//126 502//126 501//126
f 504//126 503//126 501//126
f 507//127 506//127 505//127
f 508//127 507//127 505//127
f 511//128 510//128 509//128
f 512//128 511//128 509//128
f 515//129 514//129 513//129
f 516//129 515//129 513//129
f 519//130 518//130 517//130
f 520//130 519//130 517//130
f 523//131 522//131 521//131
f 524//131 523//131 521//131
f 527//132 526//132 525//132
f 528//132 527//132 525//132
f 531//133 530//133 529//133
f 532//133 531//133 529//133
f 535//134 534//134 533//134
f 536//134 535//134 533//134
f 539//135 538//135 537//135
f 540//135 539//135 537//135
f 543//136 542//136 541//136
f 544//136 543//136 541//136
f 547//137 546//137 545//137
f 548//137 547//137 545//137
f 551//138 550//138 549//138
f 552//138 551//138 549//138
f 555//139 554//139 553//139
f 556//139 555//139 553//139
f 559//140 558//140 557//140
f 560//140 559//140 557//140
f 563//141 562//141 561//141
f 564//141 563//141 561//141
f 567//142 566//142 565//142
f 568//142 567//142 565//142
f 571//143 570//143 569//143
f 572//143 571//143 569//143
f 575//144 574//144 573//144
f 576//144 575//144 573//144
f 579//145 578//145 577//145
f 580//145 579//145 577//145
f 583//146 582//146 581//146
f 584//146 583//146 581//146
f 587//147 586//147 585//147
f 588//147 587//147 585//147
f 591//148 590//148 589//148
f 592//148 591//148 589//148
f 595//149 594//149 593//149
f 596//149 595//149 593//149
f 599//150 598//150 597//150
f 600//150 599//150 597//150
f 603//151 602//151 601//151
f 604//151 603//151 601//151
f 607//152 606//152 605//152
f 608//152 607//152 605//152
f 611//153 610//153 609//153
f 612//153 611//153 609//153
f 615//154 614//154 613//154
f 616//154 615//154 613//154
f 619//155 618//155 617//155
f 620//155 619//155 617//155
f 623//156 622//156 621//156
f 624//156 623//156 621//156
f 627//157 626//157 625//157
f 628//157 627//157 625//157
f 631//158 630//158 629//158
f 632//158 631//158 629//158
f 635//159 634//159 633//159
f 636//159 635//159 633//159
f 639//160 638//160 637//160
f 640//160 639//160 637//160
f 643//161 642//161 641//161
f 644//161 643//161 641//161
f 647//162 646//162 645//162
f 648//162 647//162 645//162
f 651//163 650//163 649//163
f 652//163 651//163 649//163
f 655//164 654//164 653//164
f 656//164 655//164 653//164
f 659//165 658//165 657//165
f 660//165 659//165 657//165
f 663//166 662//166 661//166
f 664//166 663//166 661//166
f 667//167 666//167 665//167
f 668//167 667//167 665//167
f 671//168 670//168 669//168
f 672//168 671//168 669//168
f 675//169 674//169 673//169
f 676//169 675//169 673//169
f 679//170 678//170 677//170
f 680//170 679//170 677//170
f 683//171 682//171 681//171
f 684//171 683//171 681//171
f 687//172 686//172 685//172
f 688//172 687//172 685//172
f 691//173 690//173 689//173
f 692//173 691//173 689//173
f 695//174 694//174 693//174
f 696//174 695//174 693//174
f 699//175 698//175 697//175
f 700//175 699//175 697//175
f 703//176 702//176 701//176
f 704//176 703//176 701//176
f 707//177 706//177 705//177
f 708//177 707//177 705//177
f 711//178 710//178 709//178
f 712//178 711//178 709//178
f 715//179 714//179 713//179
f 716//179 715//179 713//179
f 719//180 718//180 717//180
f 720//180 719//180 717//180
f 723//181 722//181 721//181
f 724//181 723//181 721//181
f 727//182 726//182 725//182
f 728//182 727//182 725//182
f 731//183 730//183 729//183
f 732//183 731//183 729//183
f 735//184 734//184 733//184
f 736//184 735//184 733//184
f 739//185 738//185 737//185
f 740//185 739//185 737//185
f 743//186 742//186 741//186
f 744//186 743//186 741//186
f 747//187 746//187 745//187
f 748//187 747//187 745//187
f 751//188 750//188 749//188
f 752//188 751//188 749//188
f 755//189 754//189 753//189
f 756//189 755//189 753//189
f 759//190 758//190 757//190
f 760//190 759//190 757//190
f 763//191 762//191 761//191
f 764//191 763//191 761//191
f 767//192 766//192 765//192
f 768//192 767//192 765//192
f 771//193 770//193 769//193
f 772//193 771//193 769//193
f 775//194 774//194 773//194
f 776//194 775//194 773//194
f 779//195 778//195 777//195
f 780//195 779//195 777//195
f 783//196 782//196 781//196
f 784//196 783//196 781//196
f 787//197 786//197 785//197
f 788//197 787//197 785//197
f 791//198 790//198 789//198
f 792//198 791//198 789//198
f 795//199 794//199 793//199
f 796//199 795//199 793//199
f 799//200 798//200 797//200
f 800//200 799//200 797//200
f 803//201 802//201 801//201
f 804//201 803//201 801//201
f 807//202 806//202 805//202
f 808//202 807//202 805//202
f 811//203 810//203 809//203
f 812//203 811//203 809//203
f 815//204 814//204 813//204
f 816//204 815//204 813//204
f 819//205 818//205 817//205
f 820//205 819//205 817//205
f 823//206 822//206 821//206
f 824//206 823//206 821//206
f 827//207 826//207 825//207
f 828//207 827//207 825//207
f 831//208 830//208 829//208
f 832//208 831//208 829//208
f 835//209 834//209 833//209
f 836//209 835//209 833//209
f 839//210 838//210 837//210
f 840//210 839//210 837//210
f 843//211 842//211 841//211
f 844//211 843//211 841//211
f 847//212 846//212 845//212
f 848//212 847//212 845//212
f 851//213 850//213 849//213
f 852//213 851//213 849//213
f 855//214 854//214 853//214
f 856//214 855//214 853//214
f 859//215 858//215 857//215
f 860//215 859//215 857//215
f 863//216 862//216 861//216
f 864//216 863//216 861//216
f 867//217 866//217 865//217
f 868//217 867//217 865//217
f 871//218 870//218 869//218
f 872//218 871//218 869//218
f 875//219 874//219 873//219
f 876//219 875//219 873//219
f 879//220 878//220 877//220
f 880//220 879//220 877//220
f 883//221 882//221 881//221
f 884//221 883//221 881//221
f 887//222 886//222 885//222
f 888//222 887//222 885//222
f 891//223 890//223 889//223
f 892//223 891//223 889//223
f 895//224 894//224 893//224
f 896//224 895//224 893//224
f 899//225 898//225 897//225
f 900//225 899//225 897//225
f 903//226 902//226 901//226
f 904//226 903//226 901//226
f 907//227 906//227 905//227
f 908//227 907//227 905//227
f 911//228 910//228 909//228
f 912//228 911//228 909//228
f 915//229 914//229 913//229
f 916//229 915//229 913//229
f 919//230 918//230 917//230
f 920//230 919//230 917//230
f 923//231 922//231 921//231
f 924//231 923//231 921//231
f 927//232 926//232 925//232
f 928//232 927//232 925//232
f 931//233 930//233 929//233
f 932//233 931//233 929//233
f 935//234 934//234 933//234
f 936//234 935//234 933//234
f 939//235 938//235 937//235
f 940//235 939//235 937//235
f 943//236 942//236 941//236
f 944//236 943//236 941//236
f 947//237 946//237 945//237
f 948//237 947//237 945//237
f 951//238 950//238 949//238
f 952//238 951//238 949//238
f 955//239 954//239 953//239
f 956//239 955//239 953//239
f 959//240 958//240 957//240
f 960//240 959//240 957//240
f 963//241 962//241 961//241
f 964//241 963//241 961//241
f 967//242 966//242 965//242
f 968//242 967//242 965//242
f 971//243 970//243 969//243
f 972//243 971//243 969//243
f 975//244 974//244 973//244
f 976//244 975//244 973//244
f 979//245 978//245 977//245
f 980//245 979//245 977//245
f 983//246 982//246 981//246
f 984//246 983//246 981//246
f 987//247 986//247 985//247
f 988//247 987//247 985//247
f 991//248 990//248 989//248
f 992//248 991//248 989//248
f 995//249 994//249 993//249
f 996//249 995//249 993//249
f 999//250 998//250 997//250
f 1000//250 999//250 997//250
f 1003//251 1002//251 1001//251
f 1004//251 1003//251 1001//251
f 1007//252 1006//252 1005//252
f 1008//252 1007//252 1005//252
f 1011//253 1010//253 1009//253
f 1012//253 1011//253 1009//253
f 1015//254 1014//254 1013//254
f 1016//254 1015//254 1013//254
f 1019//255 1018//255 1017//255
f 1020//255 1019//255 1017//255
f 1023//256 1022//256 1021//256
f 1024//256 1023//256 1021//256
f 1027//257 1026//257 1025//257
f 1028//257 1027//257 1025//257
f 1031//258 1030//258 1029//258
f 1032//258 1031//258 1029//258
f 1035//259 1034//259 1033//259
f 1036//259 1035//259 1033//259
f 1039//260 1038//260 1037//260
f 1040//260 1039//260 1037//260
f 1043//261 1042//261 1041//261
f 1044//261 1043//261 1041//261
f 1047//262 1046//262 1045//262
f 1048//262 1047//262 1045//262
f 1051//263 1050//263 1049//263
f 1052//263 1051//263 1049//263
f 1055//264 1054//264 1053//264
f 1056//264 1055//264 1053//264
f 1059//265 1058//265 1057//265
f 1060//265 1059//265 1057//265
f 1063//266 1062//266 1061//266
f 1064//266 1063//266 1061//266
f 1067//267 1066//267 1065//267
f 1068//267 1067//267 1065//267
f 1071//268 1070//268 1069//268
f 1072//268 1071//268 1069//268
f 1075//269 1074//269 1073//269
f 1076//269 1075//269 1073//269
f 1079//270 1078//270 1077//270
f 1080//270 1079//270 1077//270
f 1083//271 1082//271 1081//271
f 1084//271 1083//271 1081//271
f 1087//272 1086//272 1085//272
f 1088//272 1087//272 1085//272
f 1091//273 1090//273 1089//273
f 1092//273 1091//273 1089//273
f 1095//274 1094//274 1093//274
f 1096//274 1095//274 1093//274
f 1099//275 1098//275 1097//275
f 1100//275 1099//275 1097//275
f 1103//276 1102//276 1101//276
f 1104//276 1103//276 1101//276
f 1107//277 1106//277 1105//277
f 1108//277 1107//277 1105//277
f 1111//278 1110//278 1109//278
f 1112//278 1111//278 1109//278
f 1115//279 1114//279 1113//279
f 1116//279 1115//279 1113//279
f 1119//280 1118//280 1117//280
f 1120//280 1119//280 1117//280
f 1123//281 1122//281 1121//281
f 1124//281 1123//281 1121//281
f 1127//282 1126//282 1125//282
f 1128//282 1127//282 1125//282
f 1131//283 1130//283 1129//283
f 1132//283 1131//283 1129//283
f 1135//284 1134//284 1133//284
f 1136//284 1135//284 1133//284
f 1139//285 1138//285 1137//285
f 1140//285 1139//285 1137//285
f 1143//286 1142//286 1141//286
f 1144//286 1143//286 1141//286
f 1147//287 1146//287 1145//287
f 1148//287 1147//287 1145//287
f 1151//288 1150//288 1149//288
f 1152//288 1151//288 1149//288
f 1155//289 1154//289 1153//289
f 1156//289 1155//289 1153//289
f 1159//290 1158//290 1157//290
f 1160//290 1159//290 1157//290
f 1163//291 1162//291 1161//291
f 1164//291 1163//291 1161//291
f 1167//292 1166//292 1165//292
f 1168//292 1167//292 1165//292
f 1171//293 1170//293 1169//293
f 1172//293 1171//293 1169//293
f 1175//294 1174//294 1173//294
f 1176//294 1175//294 1173//294
f 1179//295 1178//295 1177//295
f 1180//295 1179//295 1177//295
f 1183//296 1182//296 1181//296
f 1184//296 1183//296 1181//296
f 1187//297 1186//297 1185//297
f 1188//297 1187//297 1185//297
f 1191//298 1190//298 1189//298
f 1192//298 1191//298 1189//298
f 1195//299 1194//299 1193//299
f 1196//299 1195//299 1193//299
f 1199//300 1198//300 1197//300
f 1200//300 1199//300 1197//300
f 1203//301 1202//301 1201//301
f 1204//301 1203//301 1201//301
f 1207//302 1206//302 1205//302
f 1208//302 1207//302 1205//302
f 1211//303 1210//303 1209//303
f 1212//303 1211//303 1209//303
f 1215//304 1214//304 1213//304
f 1216//304 1215//304 1213//304
f 1219//305 1218//305 1217//305
f 1220//305 1219//305 1217//305
f 1223//306 1222//306 1221//306
f 1224//306 1223//306 1221//306
f 1227//307 1226//307 1225//307
f 1228//307 1227//307 1225//307
f 1231//308 1230//308 1229//308
f 1232//308 1231//308 1229//308
f 1235//309 1234//309 1233//309
f 1236//309 1235//309 1233//309
f 1239//310 1238//310 1237//310
f 1240//310 1239//310 1237//310
f 1243//311 1242//311 1241//311
f 1244//311 1243//311 1241//311
f 1247//312 1246//312 1245//312
f 1248//312 1247//312 1245//312
f 1251//313 1250//313 1249//313
f 1252//313 1251//313 1249//313
f 1255//314 1254//314 1253//314
f 1256//314 1255//314 1253//314
f 1259//315 1258//315 1257//315
f 1260//315 1259//315 1257//315
f 1263//316 1262//316 1261//316
f 1264//316 1263//316 1261//316
f 1267//317 1266//317 1265//317
f 1268//317 1267//317 1265//317
f 1271//318 1270//318 1269//318
f 1272//318 1271//318 1269//318
f 1275//319 1274//319 1273//319
f 1276//319 1275//319 1273//319
f 1279//320 1278//320 1277//320
f 1280//320 1279//320 1277//320
f 1283//321 1282//321 1281//321
f 1284//321 1283//321 1281//321
f 1287//322 1286//322 1285//322
f 1288//322 1287//322 1285//322
f 1291//323 1290//323 1289//323
f 1292//323 1291//323 1289//323
f 1295//324 1294//324 1293//324
f 1296//324 1295//324 1293//324
f 1299//325 1298//325 1297//325
f 1300//325 1299//325 1297//325
f 1303//326 1302//326 1301//326
f 1304//326 1303//326 1301//326
f 1307//327 1306//327 1305//327
f 1308//327 1307//327 1305//327
f 1311//328 1310//328 1309//328
f 1312//328 1311//328 1309//328
f 1315//329 1314//329 1313//329
f 1316//329 1315//329 1313//329
f 1319//330 1318//330 1317//330
f 1320//330 1319//330 1317//330
f 1323//331 1322//331 1321//331
f 1324//331 1323//331 1321//331
f 1327//332 1326//332 1325//332
f 1328//332 1327//332 1325//332
f 1331//333 1330//333 1329//333
f 1332//333 1331//333 1329//333
f 1335//334 1334//334 1333//334
f 1336//334 1335//334 1333//334
f 1339//335 1338//335 1337//335
f 1340//335 1339//335 1337//335
f 1343//336 1342//336 1341//336
f 1344//336 1343//336 1341//336
f 1347//337 1346//337 1345//337
f 1348//337 1347//337 1345//337
f 1351//338 1350//338 1349//338
f 1352//338 1351//338 1349//338
f 1355//339 1354//339 1353//339
f 1356//339 1355//339 1353//339
f 1359//340 1358//340 1357//340
f 1360//340 1359//340 1357//340
f 1363//341 1362//341 1361//341
f 1364//341 1363//341 1361//341
f 1367//342 1366//342 1365//342
f 1368//342 1367//342 1365//342
f 1371//343 1370//343 1369//343
f 1372//343 1371//343 1369//343
f 1375//344 1374//344 1373//344
f 1376//344 1375//344 1373//344
f 1379//345 1378//345 1377//345
f 1380//345 1379//345 1377//345
f 1383//346 1382//346 1381//346
f 1384//346 1383//346 1381//346
f 1387//347 1386//347 1385//347
f 1388//347 1387//347 1385//347
f 1391//348 1390//348 1389//348
f 1392//348 1391//348 1389//348
f 1395//349 1394//349 1393//349
f 1396//349 1395//349 1393//349
f 1399//350 1398//350 1397//350
f 1400//350 1399//350 1397//350
f 1403//351 1402//351 1401//351
f 1404//351 1403//351 1401//351
f 1407//352 1406//352 1405//352
f 1408//352 1407//352 1405//352
f 1411//353 1410//353 1409//353
f 1412//353 1411//353 1409//353
f 1415//354 1414//354 1413//354
f 1416//354 1415//354 1413//354
f 1419//355 1418//355 1417//355
f 1420//355 1419//355 1417//355
f 1423//356 1422//356 1421//356
f 1424//356 1423//356 1421//356
f 1427//357 1426//357 1425//357
f 1428//357 1427//357 1425//357
f 1431//358 1430//358 1429//358
f 1432//358 1431//358 1429//358
f 1435//359 1434//359 1433//359
f 1436//359 1435//359 1433//359
f 1439//360 1438//360 1437//360
f 1440//360 1439//360 1437//360
f 1443//361 1442//361 1441//361
f 1444//361 1443//361 1441//361
f 1447//362 1446//362 1445//362
f 1448//362 1447//362 1445//362
f 1451//363 1450//363 1449//363
f 1452//363 1451//363 1449//363
f 1455//364 1454//364 1453//364
f 1456//364 1455//364 1453//364
f 1459//365 1458//365 1457//365
f 1460//365 1459//365 1457//365
f 1463//366 1462//366 1461//366
f 1464//366 1463//366 1461//366
f 1467//367 1466//367 1465//367
f 1468//367 1467//367 1465//367
f 1471//368 1470//368 1469//368
f 1472//368 1471//368 1469//368
f 1475//369 1474//369 1473//369
f 1476//369 1475//369 1473//369
f 1479//370 1478//370 1477//370
f 1480//370 1479//370 1477//370
f 1483//371 1482//371 1481//371
f 1484//371 1483//371 1481//371
f 1487//372 1486//372 1485//372
f 1488//372 1487//372 1485//372
f 1491//373 1490//373 1489//373
f 1492//373 1491//373 1489//373
f 1495//374 1494//374 1493//374
f 1496//374 1495//374 1493//374
f 1499//375 1498//375 1497//375
f 1500//375 1499//375 1497//375
f 1503//376 1502//376 1501//376
f 1504//376 1503//376 1501//376
f 1507//377 1506//377 1505//377
f 1508//377 1507//377 1505//377
f 1511//378 1510//378 1509//378
f 1512//378 1511//378 1509//378
f 1515//379 1514//379 1513//379
f 1516//379 1515//379 1513//379
f 1519//380 1518//380 1517//380
f 1520//380 1519//380 1517//380
f 1523//381 1522//381 1521//381
f 1524//381 1523//381 1521//381
f 1527//382 1526//382 1525//382
f 1528//382 1527//382 1525//382
f 1531//383 1530//383 1529//383
f 1532//383 1531//383 1529//383
f 1535//384 1534//384 1533//384
f 1536//384 1535//384 1533//384
f 1539//385 1538//385 1537//385
f 1540//385 1539//385 1537//385
f 1543//386 1542//386 1541//386
f 1544//386 1543//386 1541//386
f 1547//387 1546//387 1545//387
f 1548//387 1547//387 1545//387
f 1551//388 1550//388 1549//388
f 1552//388 1551//388 1549//388
f 1555//389 1554//389 1553//389
f 1556//389 1555//389 1553//389
f 1559//390 1558//390 1557//390
f 1560//390 1559//390 1557//390
f 1563//391 1562//391 1561//391
f 1564//391 1563//391 1561//391
f 1567//392 1566//392 1565//392
f 1568//392 1567//392 1565//392
f 1571//393 1570//393 1569//393
f 1572//393 1571//393 1569//393
f 1575//394 1574//394 1573//394
f 1576//394 1575//394 1573//394
f 1579//395 1578//395 1577//395
f 1580//395 1579//395 1577//395
f 1583//396 1582//396 1581//396
f 1584//396 1583//396 1581//396
f 1587//397 1586//397 1585//397
f 1588//397 1587//397 1585//397
f 1591//398 1590//398 1589//398
f 1592//398 1591//398 1589//398
f 1595//399 1594//399 1593//399
f 1596//399 1595//399 1593//399
f 1599//400 1598//400 1597//400
f 1600//400 1599//400 1597//400
f 1603//401 1602//401 1601//401
f 1604//401 1603//401 1601//401
f 1607//402 1606//402 1605//402
f 1608//402 1607//402 1605//402
f 1611//403 1610//403 1609//403
f 1612//403 1611//403 1609//403
f 1615//404 1614//404 1613//404
f 1616//404 1615//404 1613//404
f 1619//405 1618//405 1617//405
f 1620//405 1619//405 1617//405
f 1623//406 1622//406 1621//406
f 1624//406 1623//406 1621//406
f 1627//407 1626//407 1625//407
f 1628//407 1627//407 1625//407
f 1631//408 1630//408 1629//408
f 1632//408 1631//408 1629//408
f 1635//409 1634//409 1633//409
f 1636//409 1635//409 1633//409
f 1639//410 1638//410 1637//410
f 1640//410 1639//410 1637//410
f 1643//411 1642//411 1641//411
f 1644//411 1643//411 1641//411
f 1647//412 1646//412 1645//412
f 1648//412 1647//412 1645//412
f 1651//413 1650//413 1649//413
f 1652//413 1651//413 1649//413
f 1655//414 1654//414 1653//414
f 1656//414 1655//414 1653//414
f 1659//415 1658//415 1657//415
f 1660//415 1659//415 1657//415
f 1663//416 1662//416 1661//416
f 1664//416 1663//416 1661//416
f 1667//417 1666//417 1665//417
f 1668//417 1667//417 1665//417
f 1671//418 1670//418 1669//418
f 1672//418 1671//418 1669//418
f 1675//419 1674//419 1673//419
f 1676//419 1675//419 1673//419
f 1679//420 1678//420 1677//420
f 1680//420 1679//420 1677//420
f 1683//421 1682//421 1681//421
f 1684//421 1683//421 1681//421
f 1687//422 1686//422 1685//422
f 1688//422 1687//422 1685//422
f 1691//423 1690//423 1689//423
f 1692//423 1691//423 1689//423
f 1695//424 1694//424 1693//424
f 1696//424 1695//424 1693//424
f 1699//425 1698//425 1697//425
f 1700//425 1699//425 1697//425
f 1703//426 1702//426 1701//426
f 1704//426 1703//426 1701//426
f 1707//427 1706//427 1705//427
f 1708//427 1707//427 1705//427
f 1711//428 1710//428 1709//428
f 1712//428 1711//428 1709//428
f 1715//429 1714//429 1713//429
f 1716//429 1715//429 1713//429
f 1719//430 1718//430 1717//430
f 1720//430 1719//430 1717//430
f 1723//431 1722//431 1721//431
f 1724//431 1723//431 1721//431
f 1727//432 1726//432 1725//432
f 1728//432 1727//432 1725//432
f 1731//433 1730//433 1729//433
f 1732//433 1731//433 1729//433
f 1735//434 1734//434 1733//434
f 1736//434 1735//434 1733//434
f 1739//435 1738//435 1737//435
f 1740//435 1739//435 1737//435
f 1743//436 1742//436 1741//436
f 1744//436 1743//436 1741//436
f 1747//437 1746//437 1745//437
f 1748//437 1747//437 1745//437
f 1751//438 1750//438 1749//438
f 1752//438 1751//438 1749//438
f 1755//439 1754//439 1753//439
f 1756//439 1755//439 1753//439
f 1759//440 1758//440 1757//440
f 1760//440 1759//440 1757//440
f 1763//441 1762//441 1761//441
f 1764//441 1763//441 1761//441
f 1767//442 1766//442 1765//442
f 1768//442 1767//442 1765//442
f 1771//443 1770//443 1769//443
f 1772//443 1771//443 1769//443
f 1775//444 1774//444 1773//444
f 1776//444 1775//444 1773//444
f 1779//445 1778//445 1777//445
f 1780//445 1779//445 1777//445
f 1783//446 1782//446 1781//446
f 1784//446 1783//446 1781//446
f 1787//447 1786//447 1785//447
f 1788//447 1787//447 1785//447
f 1791//448 1790//448 1789//448
f 1792//448 1791//448 1789//448
f 1795//449 1794//449 1793//449
f 1796//449 1795//449 1793//449
f 1799//450 1798//450 1797//450
f 1800//450 1799//450 1797//450
f 1803//451 1802//451 1801//451
f 1804//451 1803//451 1801//451
f 1807//452 1806//452 1805//452
f 1808//452 1807//452 1805//452
f 1811//453 1810//453 1809//453
f 1812//453 1811//453 1809//453
f 1815//454 1814//454 1813//454
f 1816//454 1815//454 1813//454
f 1819//455 1818//455 1817//455
f 1820//455 1819//455 1817//455
f 1823//456 1822//456 1821//456
f 1824//456 1823//456 1821//456
f 1827//457 1826//457 1825//457
f 1828//457 1827//457 1825//457
f 1831//458 1830//458 1829//458
f 1832//458 1831//458 1829//458
f 1835//459 1834//459 1833//459
f 1836//459 1835//459 1833//459
f 1839//460 1838//460 1837//460
f 1840//460 1839//460 1837//460
f 1843//461 1842//461 1841//461
f 1844//461 1843//461 1841//461
f 1847//462 1846//462 1845//462
f 1848//462 1847//462 1845//462
f 1851//463 1850//463 1849//463
f 1852//463 1851//463 1849//463
f 1855//464 1854//464 1853//464
f 1856//464 1855//464 1853//464
f 1859//465 1858//465 1857//465
f 1860//465 1859//465 1857//465
f 1863//466 1862//466 1861//466
f 1864//466 1863//466 1861//466
f 1867//467 1866//467 1865//467
f 1868//467 1867//467 1865//467
f 1871//468 1870//468 1869//468
f 1872//468 1871//468 1869//468
f 1875//469 1874//469 1873//469
f 1876//469 1875//469 1873//469
f 1879//470 1878//470 1877//470
f 1880//470 1879//470 1877//470
f 1883//471 1882//471 1881//471
f 1884//471 1883//471 1881//471
f 1887//472 1886//472 1885//472
f 1888//472 1887//472 1885//472
f 1891//473 1890//473 1889//473
f 1892//473 1891//473 1889//473
f 1895//474 1894//474 1893//474
f 1896//474 1895//474 1893//474
f 1899//475 1898//475 1897//475
f 1900//475 1899//475 1897//475
f 1903//476 1902//476 1901//476
f 1904//476 1903//476 1901//476
f 1907//477 1906//477 1905//477
f 1908//477 1907//477 1905//477
f 1911//478 1910//478 1909//478
f 1912//478 1911//478 1909//478
f 1915//479 1914//479 1913//479
f 1916//479 1915//479 1913//479
f 1919//480 1918//480 1917//480
f 1920//480 1919//480 1917//480
f 1923//481 1922//481 1921//481
f 1924//481 1923//481 1921//481
f 1927//482 1926//482 1925//482
f 1928//482 1927//482 1925//482
f 1931//483 1930//483 1929//483
f 1932//483 1931//483 1929//483
f 1935//484 1934//484 1933//484
f 1936//484 1935//484 1933//484
f 1939//485 1938//485 1937//485
f 1940//485 1939//485 1937//485
f 1943//486 1942//486 1941//486
f 1944//486 1943//486 1941//486
f 1947//487 1946//487 1945//487
f 1948//487 1947//487 1945//487
f 1951//488 1950//488 1949//488
f 1952//488 1951//488 1949//488
f 1955//489 1954//489 1953//489
f 1956//489 1955//489 1953//489
f 1959//490 1958//490 1957//490
f 1960//490 1959//490 1957//490
f 1963//491 1962//491 1961//491
f 1964//491 1963//491 1961//491
f 1967//492 1966//492 1965//492
f 1968//492 1967//492 1965//492
f 1971//493 1970//493 1969//493
f 1972//493 1971//493 1969//493
f 1975//494 1974//494 1973//494
f 1976//494 1975//494 1973//494
f 1979//495 1978//495 1977//495
f 1980//495 1979//495 1977//495
f 1983//496 1982//496 1981//496
f 1984//496 1983//496 1981//496
f 1987//497 1986//497 1985//497
f 1988//497 1987//497 1985//497
f 1991//498 1990//498 1989//498
f 1992//498 1991//498 1989//498
f 1995//499 1994//499 1993//499
f 1996//499 1995//499 1993//499
f 1999//500 1998//500 1997//500
f 2000//500 1999//500 1997//500
f 2003//501 2002//501 2001//501
f 2004//501 2003//501 2001//501
f 2007//502 2006//502 2005//502
f 2008//502 2007//502 2005//502
f 2011//503 2010//503 2009//503
f 2012//503 2011//503 2009//503
f 2015//504 2014//504 2013//504
f 2016//504 2015//504 2013//504
f 2019//505 2018//505 2017//505
f 2020//505 2019//505 2017//505
f 2023//506 2022//506 2021//506
f 2024//506 2023//506 2021//506
f 2027//507 2026//507 2025//507
f 2028//507 2027//507 2025//507
f 2031//508 2030//508 2029//508
f 2032//508 2031//508 2029//508
f 2035//509 2034//509 2033//509
f 2036//509 2035//509 2033//509
f 2039//510 2038//510 2037//510
f 2040//510 2039//510 2037//510
f 2043//511 2042//511 2041//511
f 2044//511 2043//511 2041//511
f 2047//512 2046//512 2045//512
f 2048//512 2047//512 2045//512
f 2051//513 2050//513 2049//513
f 2052//513 2051//513 2049//513
f 2055//514 2054//514 2053//514
f 2056//514 2055//514 2053//514
f 2059//515 2058//515 2057//515
f 2060//515 2059//515 2057//515
f 2063//516 2062//516 2061//516
f 2064//516 2063//516 2061//516
f 2067//517 2066//517 2065//517
f 2068//517 2067//517 2065//517
f 2071//518 2070//518 2069//518
f 2072//518 2071//518 2069//518
f 2075//519 2074//519 2073//519
f 2076//519 2075//519 2073//519
f 2079//520 2078//520 2077//520
f 2080//520 2079//520 2077//520
f 2083//521 2082//521 2081//521
f 2084//521 2083//521 2081//521
f 2087//522 2086//522 2085//522
f 2088//522 2087//522 2085//522
f 2091//523 2090//523 2089//523
f 2092//523 2091//523 2089//523
f 2095//524 2094//524 2093//524
f 2096//524 2095//524 2093//524
f 2099//525 2098//525 2097//525
f 2100//525 2099//525 2097//525
f 2103//526 2102//526 2101//526
f 2104//526 2103//526 2101//526
f 2107//527 2106//527 2105//527
f 2108//527 2107//527 2105//527
f 2111//528 2110//528 2109//528
f 2112//528 2111//528 2109//528
f 2115//529 2114//529 2113//529
f 2116//529 2115//529 2113//529
f 2119//530 2118//530 2117//530
f 2120//530 2119//530 2117//530
f 2123//531 2122//531 2121//531
f 2124//531 2123//531 2121//531
f 2127//532 2126//532 2125//532
f 2128//532 2127//532 2125//532
f 2131//533 2130//533 2129//533
f 2132//533 2131//533 2129//533
f 2135//534 2134//534 2133//534
f 2136//534 2135//534 2133//534
f 2139//535 2138//535 2137//535
f 2140//535 2139//535 2137//535
f 2143//536 2142//536 2141//536
f 2144//536 2143//536 2141//536
f 2147//537 2146//537 2145//537
f 2148//537 2147//537 2145//537
f 2151//538 2150//538 2149//538
f 2152//538 2151//538 2149//538
f 2155//539 2154//539 2153//539
f 2156//539 2155//539 2153//539
f 2159//540 2158//540 2157//540
f 2160//540 2159//540 2157//540
f 2163//541 2162//541 2161//541
f 2164//541 2163//541 2161//541
f 2167//542 2166//542 2165//542
f 2168//542 2167//542 2165//542
f 2171//543 2170//543 2169//543
f 2172//543 2171//543 2169//543
f 2175//544 2174//544 2173//544
f 2176//544 2175//544 2173//544
f 2179//545 2178//545 2177//545
f 2180//545 2179//545 2177//545
f 2183//546 2182//546 2181//546
f 2184//546 2183//546 2181//546
f 2187//547 2186//547 2185//547
f 2188//547 2187//547 2185//547
f 2191//548 2190//548 2189//548
f 2192//548 2191//548 2189//548
f 2195//549 2194//549 2193//549
f 2196//549 2195//549 2193//549
f 2199//550 2198//550 2197//550
f 2200//550 2199//550 2197//550
f 2203//551 2202//551 2201//551
f 2204//551 2203//551 2201//551
f 2207//552 2206//552 2205//552
f 2208//552 2207//552 2205//552
f 2211//553 2210//553 2209//553
f 2212//553 2211//553 2209//553
f 2215//554 2214//554 2213//554
f 2216//554 2215//554 2213//554
f 2219//555 2218//555 2217//555
f 2220//555 2219//555 2217//555
f 2223//556 2222//556 2221//556
f 2224//556 2223//556 2221//556
f 2227//557 2226//557 2225//557
f 2228//557 2227//557 2225//557
f 2231//558 2230//558 2229//558
f 2232//558 2231//558 2229//558
f 2235//559 2234//559 2233//559
f 2236//559 2235//559 2233//559
f 2239//560 2238//560 2237//560
f 2240//560 2239//560 2237//560
f 2243//561 2242//561 2241//561
f 2244//561 2243//561 2241//561
f 2247//562 2246//562 2245//562
f 2248//562 2247//562 2245//562
f 2251//563 2250//563 2249//563
f 2252//563 2251//563 2249//563
f 2255//564 2254//564 2253//564
f 2256//564 2255//564 2253//564
f 2259//565 2258//565 2257//565
f 2260//565 2259//565 2257//565
f 2263//566 2262//566 2261//566
f 2264//566 2263//566 2261//566
f 2267//567 2266//567 2265//567
f 2268//567 2267//567 2265//567
f 2271//568 2270//568 2269//568
f 2272//568 2271//568 2269//568
f 2275//569 2274//569 2273//569
f 2276//569 2275//569 2273//569
f 2279//570 2278//570 2277//570
f 2280//570 2279//570 2277//570
f 2283//571 2282//571 2281//571
f 2284//571 2283//571 2281//571
f 2287//572 2286//572 2285//572
f 2288//572 2287//572 2285//572
f 2291//573 2290//573 2289//573
f 2292//573 2291//573 2289//573
f 2295//574 2294//574 2293//574
f 2296//574 2295//574 2293//574
f 2299//575 2298//575 2297//575
f 2300//575 2299//575 2297//575
f 2303//576 2302//576 2301//576
f 2304//576 2303//576 2301//576
f 2307//577 2306//577 2305//577
f 2308//577 2307//577 2305//577
f 2311//578 2310//578 2309//578
f 2312//578 2311//578 2309//578
f 2315//579 2314//579 2313//579
f 2316//579 2315//579 2313//579
f 2319//580 2318//580 2317//580
f 2320//580 2319//580 2317//580
f 2323//581 2322//581 2321//581
f 2324//581 2323//581 2321//581
f 2327//582 2326//582 2325//582
f 2328//582 2327//582 2325//582
f 2331//583 2330//583 2329//583
f 2332//583 2331//583 2329//583
f 2335//584 2334//584 2333//584
f 2336//584 2335//584 2333//584
f 2339//585 2338//585 2337//585
f 2340//585 2339//585 2337//585
f 2343//586 2342//586 2341//586
f 2344//586 2343//586 2341//586
f 2347//587 2346//587 2345//587
f 2348//587 2347//587 2345//587
f 2351//588 2350//588 2349//588
f 2352//588 2351//588 2349//588
f 2355//589 2354//589 2353//589
f 2356//589 2355//589 2353//589
f 2359//590 2358//590 2357//590
f 2360//590 2359//590 2357//590
f 2363//591 2362//591 2361//591
f 2364//591 2363//591 2361//591
f 2367//592 2366//592 2365//592
f 2368//592 2367//592 2365//592
f 2371//593 2370//593 2369//593
f 2372//593 2371//593 2369//593
f 2375//594 2374//594 2373//594
f 2376//594 2375//594 2373//594
f 2379//595 2378//595 2377//595
f 2380//595 2379//595 2377//595
f 2383//596 2382//596 2381//596
f 2384//596 2383//596 2381//596
f 2387//597 2386//597 2385//597
f 2388//597 2387//597 2385//597
f 2391//598 2390//598 2389//598
f 2392//598 2391//598 2389//598
f 2395//599 2394//599 2393//599
f 2396//599 2395//599 2393//599
f 2399//600 2398//600 2397//600
f 2400//600 2399//600 2397//600
f 2403//601 2402//601 2401//601
f 2404//601 2403//601 2401//601
f 2407//602 2406//602 2405//602
f 2408//602 2407//602 2405//602
f 2411//603 2410//603 2409//603
f 2412//603 2411//603 2409//603
f 2415//604 2414//604 2413//604
f 2416//604 2415//604 2413//604
f 2419//605 2418//605 2417//605
f 2420//605 2419//605 2417//605
f 2423//606 2422//606 2421//606
f 2424//606 2423//606 2421//606
f 2427//607 2426//607 2425//607
f 2428//607 2427//607 2425//607
f 2431//608 2430//608 2429//608
f 2432//608 2431//608 2429//608
f 2435//609 2434//609 2433//609
f 2436//609 2435//609 2433//609
f 2439//610 2438//610 2437//610
f 2440//610 2439//610 2437//610
f 2443//611 2442//611 2441//611
f 2444//611 2443//611 2441//611
f 2447//612 2446//612 2445//612
f 2448//612 2447//612 2445//612
f 2451//613 2450//613 2449//613
f 2452//613 2451//613 2449//613
f 2455//614 2454//614 2453//614
f 2456//614 2455//614 2453//614
f 2459//615 2458//615 2457//615
f 2460//615 2459//615 2457//615
f 2463//616 2462//616 2461//616
f 2464//616 2463//616 2461//616
f 2467//617 2466//617 2465//617
f 2468//617 2467//617 2465//617
f 2471//618 2470//618 2469//618
f 2472//618 2471//618 2469//618
f 2475//619 2474//619 2473//619
f 2476//619 2475//619 2473//619
f 2479//620 2478//620 2477//620
f 2480//620 2479//620 2477//620
f 2483//621 2482//621 2481//621
f 2484//621 2483//621 2481//621
f 2487//622 2486//622 2485//622
f 2488//622 2487//622 2485//622
f 2491//623 2490//623 2489//623
f 2492//623 2491//623 2489//623
f 2495//624 2494//624 2493//624
f 2496//624 2495//624 2493//624
f 2499//625 2498//625 2497//625
f 2500//625 2499//625 2497//625
f 2503//626 2502//626 2501//626
f 2504//626 2503//626 2501//626
f 2507//627 2506//627 2505//627
f 2508//627 2507//627 2505//627
f 2511//628 2510//628 2509//628
f 2512//628 2511//628 2509//628
f 2515//629 2514//629 2513//629
f 2516//629 2515//629 2513//629
f 2519//630 2518//630 2517//630
f 2520//630 2519//630 2517//630
f 2523//631 2522//631 2521//631
f 2524//631 2523//631 2521//631
f 2527//632 2526//632 2525//632
f 2528//632 2527//632 2525//632
f 2531//633 2530//633 2529//633
f 2532//633 2531//633 2529//633
f 2535//634 2534//634 2533//634
f 2536//634 2535//634 2533//634
f 2539//635 2538//635 2537//635
f 2540//635 2539//635 2537//635
f 2543//636 2542//636 2541//636
f 2544//636 2543//636 2541//636
f 2547//637 2546//637 2545//637
f 2548//637 2547//637 2545//637
f 2551//638 2550//638 2549//638
f 2552//638 2551//638 2549//638
f 2555//639 2554//639 2553//639
f 2556//639 2555//639 2553//639
f 2559//640 2558//640 2557//640
f 2560//640 2559//640 2557//640
f 2563//641 2562//641 2561//641
f 2564//641 2563//641 2561//641
f 2567//642 2566//642 2565//642
f 2568//642 2567//642 2565//642
f 2571//643 2570//643 2569//643
f 2572//643 2571//643 2569//643
f 2575//644 2574//644 2573//644
f 2576//644 2575//644 2573//644
f 2579//645 2578//645 2577//645
f 2580//645 2579//645 2577//645
f 2583//646 2582//646 2581//646
f 2584//646 2583//646 2581//646
f 2587//647 2586//647 2585//647
f 2588//647 2587//647 2585//647
f 2591//648 2590//648 2589//648
f 2592//648 2591//648 2589//648
f 2595//649 2594//649 2593//649
f 2596//649 2595//649 2593//649
f 2599//650 2598//650 2597//650
f 2600//650 2599//650 2597//650
f 2603//651 2602//651 2601//651
f 2604//651 2603//651 2601//651
f 2607//652 2606//652 2605//652
f 2608//652 2607//652 2605//652
f 2611//653 2610//653 2609//653
f 2612//653 2611//653 2609//653
f 2615//654 2614//654 2613//654
f 2616//654 2615//654 2613//654
f 2619//655 2618//655 2617//655
f 2620//655 2619//655 2617//655
f 2623//656 2622//656 2621//656
f 2624//656 2623//656 2621//656
f 2627//657 2626//657 2625//657
f 2628//657 2627//657 2625//657
f 2631//658 2630//658 2629//658
f 2632//658 2631//658 2629//658
f 2635//659 2634//659 2633//659
f 2636//659 2635//659 2633//659
f 2639//660 2638//660 2637//660
f 2640//660 2639//660 2637//660
f 2643//661 2642//661 2641//661
f 2644//661 2643//661 2641//661
f 2647//662 2646//662 2645//662
f 2648//662 2647//662 2645//662
f 2651//663 2650//663 2649//663
f 2652//663 2651//663 2649//663
f 2655//664 2654//664 2653//664
f 2656//664 2655//664 2653//664
f 2659//665 2658//665 2657//665
f 2660//665 2659//665 2657//665
f 2663//666 2662//666 2661//666
f 2664//666 2663//666 2661//666
f 2667//667 2666//667 2665//667
f 2668//667 2667//667 2665//667
f 2671//668 2670//668 2669//668
f 2672//668 2671//668 2669//668
f 2675//669 2674//669 2673//669
f 2676//669 2675//669 2673//669
f 2679//670 2678//670 2677//670
f 2680//670 2679//670 2677//670
f 2683//671 2682//671 2681//671
f 2684//671 2683//671 2681//671
f 2687//672 2686//672 2685//672
f 2688//672 2687//672 2685//672
f 2691//673 2690//673 2689//673
f 2692//673 2691//673 2689//673
f 2695//674 2694//674 2693//674
f 2696//674 2695//674 2693//674
f 2699//675 2698//675 2697//675
f 2700//675 2699//675 2697//675
f 2703//676 2702//676 2701//676
f 2704//676 2703//676 2701//676
f 2707//677 2706//677 2705//677
f 2708//677 2707//677 2705//677
f 2711//678 2710//678 2709//678
f 2712//678 2711//678 2709//678
f 2715//679 2714//679 2713//679
f 2716//679 2715//679 2713//679
f 2719//680 2718//680 2717//680
f 2720//680 2719//680 2717//680
f 2723//681 2722//681 2721//681
f 2724//681 2723//681 2721//681
f 2727//682 2726//682 2725//682
f 2728//682 2727//682 2725//682
f 2731//683 2730//683 2729//683
f 2732//683 2731//683 2729//683
f 2735//684 2734//684 2733//684
f 2736//684 2735//684 2733//684
f 2739//685 2738//685 2737//685
f 2740//685 2739//685 2737//685
f 2743//686 2742//686 2741//686
f 2744//686 2743//686 2741//686
f 2747//687 2746//687 2745//687
f 2748//687 2747//687 2745//687
f 2751//688 2750//688 2749//688
f 2752//688 2751//688 2749//688
f 2755//689 2754//689 2753//689
f 2756//689 2755//689 2753//689
f 2759//690 2758//690 2757//690
f 2760//690 2759//690 2757//690
f 2763//691 2762//691 2761//691
f 2764//691 2763//691 2761//691
f 2767//692 2766//692 2765//692
f 2768//692 2767//692 2765//692
f 2771//693 2770//693 2769//693
f 2772//693 2771//693 2769//693
f 2775//694 2774//694 2773//694
f 2776//694 2775//694 2773//694
f 2779//695 2778//695 2777//695
f 2780//695 2779//695 2777//695
f 2783//696 2782//696 2781//696
f 2784//696 2783//696 2781//696
f 2787//697 2786//697 2785//697
f 2788//697 2787//697 2785//697
f 2791//698 2790//698 2789//698
f 2792//698 2791//698 2789//698
f 2795//699 2794//699 2793//699
f 2796//699 2795//699 2793//699
f 2799//700 2798//700 2797//700
f 2800//700 2799//700 2797//700
f 2803//701 2802//701 2801//701
f 2804//701 2803//701 2801//701
f 2807//702 2806//702 2805//702
f 2808//702 2807//702 2805//702
f 2811//703 2810//703 2809//703
f 2812//703 2811//703 2809//703
f 2815//704 2814//704 2813//704
f 2816//704 2815//704 2813//704
f 2819//705 2818//705 2817//705
f 2820//705 2819//705 2817//705
f 2823//706 2822//706 2821//706
f 2824//706 2823//706 2821//706
f 2827//707 2826//707 2825//707
f 2828//707 2827//707 2825//707
f 2831//708 2830//708 2829//708
f 2832//708 2831//708 2829//708
f 2835//709 2834//709 2833//709
f 2836//709 2835//709 2833//709
f 2839//710 2838//710 2837//710
f 2840//710 2839//710 2837//710
f 2843//711 2842//711 2841//711
f 2844//711 2843//711 2841//711
f 2847//712 2846//712 2845//712
f 2848//712 2847//712 2845//712
f 2851//713 2850//713 2849//713
f 2852//713 2851//713 2849//713
f 2855//714 2854//714 2853//714
f 2856//714 2855//714 2853//714
f 2859//715 2858//715 2857//715
f 2860//715 2859//715 2857//715
f 2863//716 2862//716 2861//716
f 2864//716 2863//716 2861//716
f 2867//717 2866//717 2865//717
f 2868//717 2867//717 2865//717
f 2871//718 2870//718 2869//718
f 2872//718 2871//718 2869//718
f 2875//719 2874//719 2873//719
f 2876//719 2875//719 2873//719
f 2879//720 2878//720 2877//720
f 2880//720 2879//720 2877//720
f 2883//721 2882//721 2881//721
f 2884//721 2883//721 2881//721
f 2887//722 2886//722 2885//722
f 2888//722 2887//722 2885//722
f 2891//723 2890//723 2889//723
f 2892//723 2891//723 2889//723
f 2895//724 2894//724 2893//724
f 2896//724 2895//724 2893//724
f 2899//725 2898//725 2897//725
f 2900//725 2899//725 2897//725
f 2903//726 2902//726 2901//726
f 2904//726 2903//726 2901//726
f 2907//727 2906//727 2905//727
f 2908//727 2907//727 2905//727
f 2911//728 2910//728 2909//728
f 2912//728 2911//728 2909//728
f 2915//729 2914//729 2913//729
f 2916//729 2915//729 2913//729
f 2919//730 2918//730 2917//730
f 2920//730 2919//730 2917//730
f 2923//731 2922//731 2921//731
f 2924//731 2923//731 2921//731
f 2927//732 2926//732 2925//732
f 2928//732 2927//732 2925//732
f 2931//733 2930//733 2929//733
f 2932//733 2931//733 2929//733
f 2935//734 2934//734 2933//734
f 2936//734 2935//734 2933//734
f 2939//735 2938//735 2937//735
f 2940//735 2939//735 2937//735
f 2943//736 2942//736 2941//736
f 2944//736 2943//736 2941//736
f 2947//737 2946//737 2945//737
f 2948//737 2947//737 2945//737
f 2951//738 2950//738 2949//738
f 2952//738 2951//738 2949//738
f 2955//739 2954//739 2953//739
f 2956//739 2955//739 2953//739
f 2959//740 2958//740 2957//740
f 2960//740 2959//740 2957//740
f 2963//741 2962//741 2961//741
f 2964//741 2963//741 2961//741
f 2967//742 2966//742 2965//742
f 2968//742 2967//742 2965//742
f 2971//743 2970//743 2969//743
f 2972//743 2971//743 2969//743
f 2975//744 2974//744 2973//744
f 2976//744 2975//744 2973//744
f 2979//745 2978//745 2977//745
f 2980//745 2979//745 2977//745
f 2983//746 2982//746 2981//746
f 2984//746 2983//746 2981//746
f 2987//747 2986//747 2985//747
f 2988//747 2987//747 2985//747
f 2991//748 2990//748 2989//748
f 2992//748 2991//748 2989//748
f 2995//749 2994//749 2993//749
f 2996//749 2995//749 2993//749
f 2999//750 2998//750 2997//750
f 3000//750 2999//750 2997//750
f 3003//751 3002//751 3001//751
f 3004//751 3003//751 3001//751
f 3007//752 3006//752 3005//752
f 3008//752 3007//752 3005//752
f 3011//753 3010//753 3009//753
f 3012//753 3011//753 3009//753
f 3015//754 3014//754 3013//754
f 3016//754 3015//754 3013//754
f 3019//755 3018//755 3017//755
f 3020//755 3019//755 3017//755
f 3023//756 3022//756 3021//756
f 3024//756 3023//756 3021//756
f 3027//757 3026//757 3025//757
f 3028//757 3027//757 3025//757
f 3031//758 3030//758 3029//758
f 3032//758 3031//758 3029//758
f 3035//759 3034//759 3033//759
f 3036//759 3035//759 3033//759
f 3039//760 3038//760 3037//760
f 3040//760 3039//760 3037//760
f 3043//761 3042//761 3041//761
f 3044//761 3043//761 3041//761
f 3047//762 3046//762 3045//762
f 3048//762 3047//762 3045//762
f 3051//763 3050//763 3049//763
f 3052//763 3051//763 3049//763
f 3055//764 3054//764 3053//764
f 3056//764 3055//764 3053//764
f 3059//765 3058//765 3057//765
f 3060//765 3059//765 3057//765
f 3063//766 3062//766 3061//766
f 3064//766 3063//766 3061//766
f 3067//767 3066//767 3065//767
f 3068//767 3067//767 3065//767
f 3071//768 3070//768 3069//768
f 3072//768 3071//768 3069//768
f 3075//769 3074//769 3073//769
f 3076//769 3075//769 3073//769
f 3079//770 3078//770 3077//770
f 3080//770 3079//770 3077//770
f 3083//771 3082//771 3081//771
f 3084//771 3083//771 3081//771
f 3087//772 3086//772 3085//772
f 3088//772 3087//772 3085//772
f 3091//773 3090//773 3089//773
f 3092//773 3091//773 3089//773
f 3095//774 3094//774 3093//774
f 3096//774 3095//774 3093//774
f 3099//775 3098//775 3097//775
f 3100//775 3099//775 3097//775
f 3103//776 3102//776 3101//776
f 3104//776 3103//776 3101//776
f 3107//777 3106//777 3105//777
f 3108//777 3107//777 3105//777
f 3111//778 3110//778 3109//778
f 3112//778 3111//778 3109//778
f 3115//779 3114//779 3113//779
f 3116//779 3115//779 3113//779
f 3119//780 3118//780 3117//780
f 3120//780 3119//780 3117//780
f 3123//781 3122//781 3121//781
f 3124//781 3123//781 3121//781
f 3127//782 3126//782 3125//782
f 3128//782 3127//782 3125//782
f 3131//783 3130//783 3129//783
f 3132//783 3131//783 3129//783
f 3135//784 3134//784 3133//784
f 3136//784 3135//784 3133//784
f 3139//785 3138//785 3137//785
f 3140//785 3139//785 3137//785
f 3143//786 3142//786 3141//786
f 3144//786 3143//786 3141//786
f 3147//787 3146//787 3145//787
f 3148//787 3147//787 3145//787
f 3151//788 3150//788 3149//788
f 3152//788 3151//788 3149//788
f 3155//789 3154//789 3153//789
f 3156//789 3155//789 3153//789
f 3159//790 3158//790 3157//790
f 3160//790 3159//790 3157//790
f 3163//791 3162//791 3161//791
f 3164//791 3163//791 3161//791
f 3167//792 3166//792 3165//792
f 3168//792 3167//792 3165//792
f 3171//793 3170//793 3169//793
f 3172//793 3171//793 3169//793
f 3175//794 3174//794 3173//794
f 3176//794 3175//794 3173//794
f 3179//795 3178//795 3177//795
f 3180//795 3179//795 3177//795
f 3183//796 3182//796 3181//796
f 3184//796 3183//796 3181//796
f 3187//797 3186//797 3185//797
f 3188//797 3187//797 3185//797
f 3191//798 3190//798 3189//798
f 3192//798 3191//798 3189//798
f 3195//799 3194//799 3193//799
f 3196//799 3195//799 3193//799
f 3199//800 3198//800 3197//800
f 3200//800 3199//800 3197//800
f 3203//801 3202//801 3201//801
f 3204//801 3203//801 3201//801
f 3207//802 3206//802 3205//802
f 3208//802 3207//802 3205//802
f 3211//803 3210//803 3209//803
f 3212//803 3211//803 3209//803
f 3215//804 3214//804 3213//804
f 3216//804 3215//804 3213//804
f 3219//805 3218//805 3217//805
f 3220//805 3219//805 3217//805
f 3223//806 3222//806 3221//806
f 3224//806 3223//806 3221//806
f 3227//807 3226//807 3225//807
f 3228//807 3227//807 3225//807
f 3231//808 3230//808 3229//808
f 3232//808 3231//808 3229//808
f 3235//809 3234//809 3233//809
f 3236//809 3235//809 3233//809
f 3239//810 3238//810 3237//810
f 3240//810 3239//810 3237//810
f 3243//811 3242//811 3241//811
f 3244//811 3243//811 3241//811
f 3247//812 3246//812 3245//812
f 3248//812 3247//812 3245//812
f 3251//813 3250//813 3249//813
f 3252//813 3251//813 3249//813
f 3255//814 3254//814 3253//814
f 3256//814 3255//814 3253//814
f 3259//815 3258//815 3257//815
f 3260//815 3259//815 3257//815
f 3263//816 3262//816 3261//816
f 3264//816 3263//816 3261//816
f 3267//817 3266//817 3265//817
f 3268//817 3267//817 3265//817
f 3271//818 3270//818 3269//818
f 3272//818 3271//818 3269//818
f 3275//819 3274//819 3273//819
f 3276//819 3275//819 3273//819
f 3279//820 3278//820 3277//820
f 3280//820 3279//820 3277//820
f 3283//821 3282//821 3281//821
f 3284//821 3283//821 3281//821
f 3287//822 3286//822 3285//822
f 3288//822 3287//822 3285//822
f 3291//823 3290//823 3289//823
f 3292//823 3291//823 3289//823
f 3295//824 3294//824 3293//824
f 3296//824 3295//824 3293//824
f 3299//825 3298//825 3297//825
f 3300//825 3299//825 3297//825
f 3303//826 3302//826 3301//826
f 3304//826 3303//826 3301//826
f 3307//827 3306//827 3305//827
f 3308//827 3307//827 3305//827
f 3311//828 3310//828 3309//828
f 3312//828 3311//828 3309//828
f 3315//829 3314//829 3313//829
f 3316//829 3315//829 3313//829
f 3319//830 3318//830 3317//830
f 3320//830 3319//830 3317//830
f 3323//831 3322//831 3321//831
f 3324//831 3323//831 3321//831
f 3327//832 3326//832 3325//832
f 3328//832 3327//832 3325//832
f 3331//833 3330//833 3329//833
f 3332//833 3331//833 3329//833
f 3335//834 3334//834 3333//834
f 3336//834 3335//834 3333//834
f 3339//835 3338//835 3337//835
f 3340//835 3339//835 3337//835
f 3343//836 3342//836 3341//836
f 3344//836 3343//836 3341//836
f 3347//837 3346//837 3345//837
f 3348//837 3347//837 3345//837
f 3351//838 3350//838 3349//838
f 3352//838 3351//838 3349//838
f 3355//839 3354//839 3353//839
f 3356//839 3355//839 3353//839
f 3359//840 3358//840 3357//840
f 3360//840 3359//840 3357//840
f 3363//841 3362//841 3361//841
f 3364//841 3363//841 3361//841
f 3367//842 3366//842 3365//842
f 3368//842 3367//842 3365//842
f 3371//843 3370//843 3369//843
f 3372//843 3371//843 3369//843
f 3375//844 3374//844 3373//844
f 3376//844 3375//844 3373//844
f 3379//845 3378//845 3377//845
f 3380//845 3379//845 3377//845
f 3383//846 3382//846 3381//846
f 3384//846 3383//846 3381//846
f 3387//847 3386//847 3385//847
f 3388//847 3387//847 3385//847
f 3391//848 3390//848 3389//848
f 3392//848 3391//848 3389//848
f 3395//849 3394//849 3393//849
f 3396//849 3395//849 3393//849
f 3399//850 3398//850 3397//850
f 3400//850 3399//850 3397//850
f 3403//851 3402//851 3401//851
f 3404//851 3403//851 3401//851
f 3407//852 3406//852 3405//852
f 3408//852 3407//852 3405//852
f 3411//853 3410//853 3409//853
f 3412//853 3411//853 3409//853
f 3415//854 3414//854 3413//854
f 3416//854 3415//854 3413//854
f 3419//855 3418//855 3417//855
f 3420//855 3419//855 3417//855
f 3423//856 3422//856 3421//856
f 3424//856 3423//856 3421//856
f 3427//857 3426//857 3425//857
f 3428//857 3427//857 3425//857
f 3431//858 3430//858 3429//858
f 3432//858 3431//858 3429//858
f 3435//859 3434//859 3433//859
f 3436//859 3435//859 3433//859
f 3439//860 3438//860 3437//860
f 3440//860 3439//860 3437//860
f 3443//861 3442//861 3441//861
f 3444//861 3443//861 3441//861
f 3447//862 3446//862 3445//862
f 3448//862 3447//862 3445//862
f 3451//863 3450//863 3449//863
f 3452//863 3451//863 3449//863
f 3455//864 3454//864 3453//864
f 3456//864 3455//864 3453//864
f 3459//865 3458//865 3457//865
f 3460//865 3459//865 3457//865
f 3463//866 3462//866 3461//866
f 3464//866 3463//866 3461//866
f 3467//867 3466//867 3465//867
f 3468//867 3467//867 3465//867
f 3471//868 3470//868 3469//868
f 3472//868 3471//868 3469//868
f 3475//869 3474//869 3473//869
f 3476//869 3475//869 3473//869
f 3479//870 3478//870 3477//870
f 3480//870 3479//870 3477//870
f 3483//871 3482//871 3481//871
f 3484//871 3483//871 3481//871
f 3487//872 3486//872 3485//872
f 3488//872 3487//872 3485//872
f 3491//873 3490//873 3489//873
f 3492//873 3491//873 3489//873
f 3495//874 3494//874 3493//874
f 3496//874 3495//874 3493//874
f 3499//875 3498//875 3497//875
f 3500//875 3499//875 3497//875
f 3503//876 3502//876 3501//876
f 3504//876 3503//876 3501//876
f 3507//877 3506//877 3505//877
f 3508//877 3507//877 3505//877
f 3511//878 3510//878 3509//878
f 3512//878 3511//878 3509//878
f 3515//879 3514//879 3513//879
f 3516//879 3515//879 3513//879
f 3519//880 3518//880 3517//880
f 3520//880 3519//880 3517//880
f 3523//881 3522//881 3521//881
f 3524//881 3523//881 3521//881
f 3527//882 3526//882 3525//882
f 3528//882 3527//882 3525//882
f 3531//883 3530//883 3529//883
f 3532//883 3531//883 3529//883
f 3535//884 3534//884 3533//884
f 3536//884 3535//884 3533//884
f 3537//885 3538//885 3539//885
f 3537//885 3539//885 3540//885
f 3539//885 3538//885 3537//885
f 3540//885 3539//885 3537//885
